payment_id,internal_number,payment_date,contract_id,counterpart_id,received_rub,paid_rub,operation_type
1,714959793,2023-07-18,218,73,0.0,6490.000000000001,Оплата поставщику
2,714513325,2023-07-18,218,73,0.0,16390.0,Оплата поставщику
3,714707628,2023-07-27,337,261,0.0,3315.5,Комиссия банка
4,714229583,2023-07-29,281,164,0.0,22990.000000000004,Оплата поставщику
5,714004244,2023-08-01,483,155,0.0,3900.0,Уплата налога
6,714449615,2023-08-01,483,155,0.0,9000.0,Уплата налога
7,714219284,2023-08-01,551,175,0.0,55.00000000000001,Уплата налога
8,714313176,2023-08-01,500,233,0.0,23925.000000000004,Перечисление заработной платы по ведомостям
9,714815630,2023-08-01,337,261,0.0,254.125,Комиссия банка
10,714226150,2023-08-03,226,81,0.0,493790.00000000006,Оплата поставщику
11,714890979,2023-08-03,231,94,0.0,11880.000000000002,Оплата поставщику
12,714377018,2023-08-03,245,116,0.0,4050.0,Оплата поставщику
13,714211626,2023-08-04,337,261,0.0,1140.0,Комиссия банка
14,714934693,2023-08-09,277,160,0.0,7260.0,Оплата поставщику
15,714088989,2023-08-02,1,3,234396582.60365716,0.0,Оплата от покупателя
16,714301422,2023-08-10,279,161,0.0,4140.0,Комиссия банка
17,714707266,2023-08-10,320,224,0.0,17050.0,Оплата поставщику
18,714182816,2023-08-10,562,233,0.0,10395000.0,Перевод на другой счет организации
19,714612272,2023-08-10,562,233,10395000.0,0.0,Перевод с другого счета
20,714218292,2023-08-10,561,233,0.0,198000000.00000003,Депозит
21,714591228,2023-08-04,459,64,0.0,77880.0,Оплата поставщику
22,714023379,2023-08-04,39,76,0.0,76675418.4738814,Оплата поставщику
23,714166505,2023-08-12,226,81,0.0,253770.00000000003,Оплата поставщику
24,714733488,2023-08-12,245,116,0.0,4050.0,Оплата поставщику
25,714349580,2023-08-12,499,161,194872.128,0.0,Прочее поступление
26,714558454,2023-08-04,389,171,0.0,3960000.0,Оплата поставщику
27,714350769,2023-08-04,40,219,0.0,108385200.0,Оплата поставщику
28,714016521,2023-08-12,561,233,198000000.00000003,0.0,Депозит
29,714896564,2023-08-12,561,233,0.0,50325000.00000001,Депозит
30,714388516,2023-08-15,224,79,0.0,56428.9,Оплата поставщику
31,714289682,2023-08-15,224,79,0.0,56648.9,Оплата поставщику
32,714346351,2023-08-15,249,122,0.0,12240.0,Оплата поставщику
33,714656127,2023-08-15,249,122,0.0,5940.0,Оплата поставщику
34,714399082,2023-08-15,251,124,0.0,56749.5,Оплата поставщику
35,714310544,2023-08-15,499,161,73890.0,0.0,Прочее поступление
36,714395667,2023-08-15,561,233,50325000.00000001,0.0,Депозит
37,714531363,2023-08-15,561,233,0.0,50160000.00000001,Депозит
38,714069363,2023-08-08,460,64,0.0,62040.00000000001,Оплата поставщику
39,714430945,2023-08-16,224,79,0.0,14847.800000000001,Оплата поставщику
40,714065852,2023-08-16,499,161,24579.143999999997,0.0,Прочее поступление
41,714223515,2023-08-16,315,216,0.0,6831.1320000000005,Оплата поставщику
42,714582368,2023-08-16,561,233,50160000.00000001,0.0,Депозит
43,714495196,2023-08-16,500,233,0.0,300221.9,Перечисление заработной платы по ведомостям
44,714915404,2023-08-16,561,233,0.0,49830000.00000001,Депозит
45,714398783,2023-08-16,342,271,0.0,1832.55,Оплата поставщику
46,714509610,2023-08-17,499,161,24387.732,0.0,Прочее поступление
47,714207822,2023-08-17,561,233,49830000.00000001,0.0,Депозит
48,714799069,2023-08-17,561,233,0.0,49830000.00000001,Депозит
49,714912940,2023-08-17,337,261,0.0,475.0,Комиссия банка
50,714089698,2023-08-17,345,276,0.0,25718.399999999998,Оплата поставщику
51,714128029,2023-08-10,1,3,234396582.60365716,0.0,Оплата от покупателя
52,714798900,2023-08-18,222,78,0.0,3135000.0000000005,Оплата поставщику
53,714424617,2023-08-18,499,161,24268.92,0.0,Прочее поступление
54,714916909,2023-08-18,561,233,49830000.00000001,0.0,Депозит
55,714357596,2023-08-18,561,233,0.0,243210000.00000003,Депозит
56,714794112,2023-08-18,350,283,0.0,15200.0,Оплата поставщику
57,714031877,2023-08-10,37,287,0.0,952380.0,Оплата поставщику
58,714627782,2023-08-19,167,9,0.0,8800.0,Оплата поставщику
59,714248226,2023-08-19,167,9,0.0,5500.0,Оплата поставщику
60,714468494,2023-08-11,461,64,0.0,90530.00000000001,Оплата поставщику
61,714905549,2023-08-19,266,151,0.0,12960.0,Оплата поставщику
62,714808449,2023-08-19,499,161,118814.064,0.0,Прочее поступление
63,714679072,2023-08-19,322,229,0.0,33309.221000000005,Прочее списание
64,714285776,2023-08-19,561,233,243210000.00000003,0.0,Депозит
65,714419080,2023-08-19,561,233,0.0,243265000.00000003,Депозит
66,714900807,2023-08-22,168,10,0.0,1914440.0000000002,Оплата поставщику
67,714160931,2023-08-22,224,79,0.0,204595.6,Оплата поставщику
68,714535767,2023-08-22,224,79,0.0,142998.90000000002,Оплата поставщику
69,714125930,2023-08-22,224,79,0.0,27111.7,Оплата поставщику
70,714936707,2023-08-22,483,155,0.0,48938.4,Уплата налога
71,714226294,2023-08-22,499,161,359568.144,0.0,Прочее поступление
72,714476242,2023-08-22,286,173,0.0,22000.0,Оплата поставщику
73,714308850,2023-08-22,315,216,0.0,12433.971000000001,Оплата поставщику
74,714783563,2023-08-22,561,233,243265000.00000003,0.0,Депозит
75,714622338,2023-08-22,561,233,0.0,239030000.00000003,Депозит
76,714970464,2023-08-22,564,247,0.0,2750.0,Уплата налога
77,714974982,2023-08-22,351,284,0.0,1723.3,Оплата поставщику
78,714514402,2023-08-22,351,284,0.0,1898.1,Оплата поставщику
79,714803640,2023-08-23,192,42,0.0,8951.800000000001,Оплата поставщику
80,714510395,2023-08-15,462,64,0.0,91806.00000000001,Оплата поставщику
81,714275216,2023-08-15,42,141,0.0,6089325.000000001,Оплата поставщику
82,714499410,2023-08-23,277,160,0.0,18000.0,Оплата поставщику
83,714390764,2023-08-23,499,161,118695.67199999999,0.0,Прочее поступление
84,714468798,2023-08-23,322,229,0.0,33309.221000000005,Прочее списание
85,714413566,2023-08-23,561,233,239030000.00000003,0.0,Депозит
86,714345342,2023-08-23,561,233,0.0,228085000.00000003,Депозит
87,714156576,2023-08-15,45,236,0.0,2989139.849014134,Оплата поставщику
88,714728236,2023-08-15,36,281,0.0,2723226.0000000005,Оплата поставщику
89,714564323,2023-08-24,224,79,0.0,7694.500000000001,Оплата поставщику
90,714090441,2023-08-24,499,161,114620.364,0.0,Прочее поступление
91,714603731,2023-08-16,33,213,0.0,22176000.0,Оплата поставщику
92,714739437,2023-08-24,561,233,228085000.00000003,0.0,Депозит
93,714413717,2023-08-24,561,233,0.0,209715000.00000003,Депозит
94,714160277,2023-08-24,564,247,0.0,2750.0,Уплата налога
95,714256799,2023-08-17,384,6,0.0,535920.0,Оплата поставщику
96,714134616,2023-08-25,251,124,0.0,12510.0,Оплата поставщику
97,714838593,2023-08-25,263,145,0.0,17280.0,Оплата поставщику
98,714029556,2023-08-25,499,161,105451.332,0.0,Прочее поступление
99,714964535,2023-08-17,386,171,0.0,1320000.0,Оплата поставщику
100,714186097,2023-08-25,561,233,209715000.00000003,0.0,Депозит
101,714584684,2023-08-25,561,233,0.0,185570000.00000003,Депозит
102,714843606,2023-08-25,333,249,0.0,2834.7000000000003,Оплата поставщику
103,714862946,2023-08-17,34,254,0.0,23760000.0,Оплата поставщику
104,714156858,2023-08-26,218,73,0.0,2970.0000000000005,Оплата поставщику
105,714953477,2023-08-26,224,79,10998.900000000001,0.0,Возврат от поставщика
106,714878363,2023-08-26,499,161,92646.72,0.0,Прочее поступление
107,714270416,2023-08-26,279,161,0.0,34.8,Комиссия банка
108,714108275,2023-08-26,279,161,0.0,34.8,Комиссия банка
109,714796600,2023-08-26,279,161,0.0,34.8,Комиссия банка
110,714959937,2023-08-26,300,194,0.0,71940.0,Оплата поставщику
111,714777883,2023-08-26,315,216,0.0,20231.871000000003,Оплата поставщику
112,714811125,2023-08-26,561,233,185570000.00000003,0.0,Депозит
113,714550802,2023-08-26,561,233,0.0,185548000.00000003,Депозит
114,714197656,2023-08-26,331,243,0.0,14300.000000000002,Оплата поставщику
115,714141809,2023-08-26,337,261,0.0,3315.5,Комиссия банка
116,714736525,2023-08-19,375,6,0.0,733561.2301440709,Оплата поставщику
117,714513046,2023-08-29,192,42,0.0,29013.600000000002,Оплата поставщику
118,714155881,2023-08-29,499,161,283548.312,0.0,Прочее поступление
119,714148288,2023-08-29,279,161,0.0,4140.0,Комиссия банка
120,714336875,2023-08-21,32,210,0.0,2772000.0,Оплата поставщику
121,714673580,2023-08-29,561,233,185548000.00000003,0.0,Депозит
122,714813049,2023-08-29,561,233,0.0,183480000.0,Депозит
123,714132843,2023-08-22,385,6,0.0,2640000.0,Оплата поставщику
124,714716742,2023-08-22,17,23,0.0,17883648.16794884,Оплата поставщику
125,714959237,2023-08-22,18,30,0.0,1790885.3249475893,Оплата поставщику
126,714947171,2023-08-30,237,108,0.0,154936.80000000002,Оплата поставщику
127,714305152,2023-08-30,499,161,94775.208,0.0,Прочее поступление
128,714475253,2023-08-30,561,233,183480000.0,0.0,Депозит
129,714760345,2023-08-30,561,233,0.0,162657000.0,Депозит
130,714782892,2023-08-22,37,287,0.0,956043.0,Оплата поставщику
131,714560268,2023-08-23,38,47,0.0,12477050.832045106,Оплата поставщику
132,714875841,2023-08-23,20,62,0.0,20280189.10404039,Оплата поставщику
133,714247688,2023-08-23,39,76,0.0,1112955.3166360362,Оплата поставщику
134,714597373,2023-08-31,226,81,0.0,124520.00000000001,Оплата поставщику
135,714203087,2023-08-31,245,116,0.0,6750.0,Оплата поставщику
136,714357383,2023-08-31,261,143,0.0,13500.0,Оплата поставщику
137,714604912,2023-08-31,499,161,83195.05200000001,0.0,Прочее поступление
138,714830787,2023-08-31,302,196,0.0,35310.0,Оплата поставщику
139,714289512,2023-08-23,559,211,0.0,1307257.864,Оплата поставщику
140,714331749,2023-08-23,41,219,0.0,16007557.531380752,Оплата поставщику
141,714065098,2023-08-31,561,233,162657000.0,0.0,Депозит
142,714621421,2023-08-31,565,248,0.0,2970.0000000000005,Оплата поставщику
143,714100888,2023-08-24,179,27,0.0,214500.00000000003,Оплата поставщику
144,714100069,2023-08-24,179,27,0.0,928686.0000000001,Оплата поставщику
145,714582856,2023-08-24,179,27,0.0,23100.000000000004,Оплата поставщику
146,714972092,2023-09-01,286,173,0.0,11916.179,Оплата поставщику
147,714746443,2023-09-01,315,216,0.0,7706.457,Оплата поставщику
148,714314689,2023-09-01,322,229,0.0,91784.00000000001,Прочее списание
149,714862896,2023-09-01,500,233,0.0,746813.496,Перечисление заработной платы по ведомостям
150,714181475,2023-09-01,500,233,0.0,6753.527,Перечисление по исполнительному листу работника
151,714219872,2023-09-01,561,233,0.0,110797500.00000001,Депозит
152,714517585,2023-09-01,334,258,0.0,12958.0,Оплата поставщику
153,714337241,2023-09-02,206,60,0.0,8474.697000000002,Оплата поставщику
154,714386807,2023-08-25,212,69,0.0,567138.6741838685,Оплата поставщику
155,714208841,2023-08-25,229,87,0.0,2574000.0,Оплата поставщику
156,714695725,2023-08-25,24,91,0.0,1422098.17907855,Оплата поставщику
157,714059855,2023-09-02,236,107,0.0,3060.0,Оплата поставщику
158,714978534,2023-09-02,245,116,0.0,18900.0,Оплата поставщику
159,714599072,2023-09-02,499,161,56571.119999999995,0.0,Прочее поступление
160,714487915,2023-09-02,561,233,110797500.00000001,0.0,Депозит
161,714279664,2023-09-02,500,233,0.0,209.17600000000002,Перечисление по исполнительному листу работника
162,714261278,2023-08-25,573,250,0.0,6454108.045000001,Прочее списание
163,714221784,2023-08-28,197,50,0.0,429660.0,Оплата поставщику
164,714431311,2023-08-28,212,69,0.0,652507.2231153953,Оплата поставщику
165,714607285,2023-08-28,24,91,0.0,1381052.9005652473,Оплата поставщику
166,714728370,2023-09-05,247,120,0.0,21530.7,Оплата поставщику
167,714362721,2023-08-28,428,142,0.0,16500.0,Оплата поставщику
168,714992651,2023-09-05,266,151,0.0,20640.0,Оплата поставщику
169,714264713,2023-09-05,315,216,0.0,14432.033000000001,Оплата поставщику
170,714038375,2023-09-05,608,233,0.0,5444.12,Перечисление подотчетному лицу
171,714348633,2023-09-05,501,233,0.0,35354.0,Перечисление подотчетному лицу
172,714300374,2023-09-05,501,233,0.0,27500.000000000004,Перечисление подотчетному лицу
173,714394380,2023-08-28,46,236,0.0,698076.2250000001,Оплата поставщику
174,714117556,2023-08-28,45,236,0.0,3531502.1917764307,Оплата поставщику
175,714238072,2023-09-06,224,79,116160.00000000001,0.0,Возврат от поставщика
176,714533535,2023-09-06,226,81,0.0,247830.00000000003,Оплата поставщику
177,714941527,2023-08-29,230,88,0.0,125943.84,Оплата поставщику
178,714394525,2023-08-29,24,91,0.0,1418476.5368567882,Оплата поставщику
179,714436555,2023-09-06,264,149,0.0,145548.0,Оплата поставщику
180,714956241,2023-09-06,264,149,0.0,145548.0,Оплата поставщику
181,714276933,2023-09-06,264,149,0.0,61036.248,Оплата поставщику
182,714486012,2023-09-06,286,173,0.0,22000.0,Оплата поставщику
183,714984196,2023-09-06,333,249,0.0,1415.7,Оплата поставщику
184,714024634,2023-09-06,351,284,0.0,9544.65,Оплата поставщику
185,714383829,2023-09-06,351,284,0.0,1713.8,Оплата поставщику
186,714369734,2023-09-07,502,65,0.0,1056.0,Уплата налога
187,714185080,2023-08-30,39,76,0.0,1100873.129482576,Оплата поставщику
188,714907631,2023-08-30,428,142,0.0,16500.0,Оплата поставщику
189,714251415,2023-09-07,279,161,0.0,34.8,Комиссия банка
190,714636746,2023-09-07,279,161,0.0,34.8,Комиссия банка
191,714388604,2023-09-07,279,161,0.0,34.8,Комиссия банка
192,714602775,2023-09-07,279,161,0.0,34.8,Комиссия банка
193,714133142,2023-09-07,279,161,0.0,34.8,Комиссия банка
194,714234889,2023-08-30,378,171,0.0,1506887.1160896884,Оплата поставщику
195,714870193,2023-09-07,286,173,0.0,33000.0,Оплата поставщику
196,714968365,2023-08-30,34,254,0.0,710424.0,Оплата поставщику
197,714268521,2023-09-07,351,284,0.0,5958.4,Оплата поставщику
198,714723492,2023-08-31,375,6,0.0,2337732.4898559293,Оплата поставщику
199,714659782,2023-08-31,388,6,0.0,7876262.811903585,Оплата поставщику
200,714244700,2023-09-08,224,79,0.0,11733.7,Оплата поставщику
201,714364047,2023-08-31,22,80,0.0,4404400.000000001,Оплата поставщику
202,714585187,2023-08-31,21,80,0.0,19215171.963321198,Оплата поставщику
203,714188810,2023-08-31,24,91,0.0,1422098.17907855,Оплата поставщику
204,714580718,2023-09-08,279,161,0.0,34.8,Комиссия банка
205,714343296,2023-09-08,279,161,0.0,34.8,Комиссия банка
206,714580259,2023-09-08,279,161,0.0,34.8,Комиссия банка
207,714240346,2023-09-08,279,161,0.0,34.8,Комиссия банка
208,714130474,2023-09-08,279,161,0.0,34.8,Комиссия банка
209,714739446,2023-09-08,279,161,0.0,34.8,Комиссия банка
210,714779718,2023-09-08,279,161,0.0,34.8,Комиссия банка
211,714791475,2023-08-31,389,171,0.0,9004823.652,Оплата поставщику
212,714674250,2023-08-31,390,171,0.0,25255.9620083682,Оплата поставщику
213,714499580,2023-08-31,574,250,0.0,6273744.176033059,Прочее списание
214,714687757,2023-09-01,174,19,0.0,3758260.0000000005,Оплата поставщику
215,714221178,2023-09-01,212,69,0.0,400306.3260925708,Оплата поставщику
216,714430586,2023-09-01,229,87,0.0,567855.75,Оплата поставщику
217,714490197,2023-09-09,279,161,0.0,34.8,Комиссия банка
218,714671526,2023-09-09,279,161,0.0,34.8,Комиссия банка
219,714835009,2023-09-09,279,161,0.0,34.8,Комиссия банка
220,714978643,2023-09-09,279,161,0.0,34.8,Комиссия банка
221,714951960,2023-09-09,279,161,0.0,34.8,Комиссия банка
222,714458110,2023-09-09,279,161,0.0,34.8,Комиссия банка
223,714105894,2023-09-01,283,169,0.0,33000.0,Оплата поставщику
224,714889517,2023-09-01,390,171,0.0,1338014.8386150629,Оплата поставщику
225,714165210,2023-09-01,390,171,0.0,538797.9215899581,Оплата поставщику
226,714487219,2023-09-09,501,233,0.0,22000.0,Перечисление подотчетному лицу
227,714984393,2023-09-01,575,250,0.0,6213085.037655903,Прочее списание
228,714948866,2023-09-03,46,236,0.0,3953302.9250000007,Оплата поставщику
229,714139522,2023-09-04,18,30,82380.72494758911,0.0,Возврат от поставщика
230,714818816,2023-09-04,212,69,0.0,223948.88396835508,Оплата поставщику
231,714445438,2023-09-04,24,91,0.0,1447449.6746308843,Оплата поставщику
232,714049651,2023-09-12,279,161,0.0,34.8,Комиссия банка
233,714974824,2023-09-12,279,161,0.0,34.8,Комиссия банка
234,714163995,2023-09-12,279,161,0.0,34.8,Комиссия банка
235,714567115,2023-09-12,279,161,0.0,34.8,Комиссия банка
236,714319637,2023-09-12,279,161,0.0,34.8,Комиссия банка
237,714353656,2023-09-12,279,161,0.0,34.8,Комиссия банка
238,714259271,2023-09-12,279,161,0.0,34.8,Комиссия банка
239,714760355,2023-09-12,551,175,0.0,2526.106,Уплата налога
240,714499802,2023-09-12,300,194,0.0,11000.0,Оплата поставщику
241,714042769,2023-09-04,311,209,0.0,1982956.8,Оплата поставщику
242,714068295,2023-09-04,311,209,0.0,110000.00000000001,Оплата поставщику
243,714994711,2023-09-04,33,213,0.0,1883629.4400000002,Оплата поставщику
244,714740519,2023-09-12,501,233,0.0,33000.0,Перечисление подотчетному лицу
245,714202297,2023-09-04,45,236,0.0,10155641.949003449,Оплата поставщику
246,714108403,2023-09-05,174,19,0.0,21144.508,Оплата поставщику
247,714904164,2023-09-05,427,142,0.0,16500.0,Оплата поставщику
248,714103984,2023-09-13,279,161,0.0,34.8,Комиссия банка
249,714199162,2023-09-13,279,161,0.0,34.8,Комиссия банка
250,714373273,2023-09-13,279,161,0.0,34.8,Комиссия банка
251,714090072,2023-09-13,279,161,0.0,34.8,Комиссия банка
252,714427140,2023-09-13,279,161,0.0,34.8,Комиссия банка
253,714941189,2023-09-13,288,179,0.0,1320.0,Оплата поставщику
254,714320258,2023-09-05,45,236,0.0,5619760.079083065,Оплата поставщику
255,714161572,2023-09-13,333,249,0.0,1415.7,Оплата поставщику
256,714279824,2023-09-06,19,44,0.0,22572000.0,Оплата поставщику
257,714884669,2023-09-06,20,62,0.0,4771809.20095068,Оплата поставщику
258,714295136,2023-09-06,426,142,0.0,9900.0,Оплата поставщику
259,714826253,2023-09-14,279,161,0.0,34.8,Комиссия банка
260,714214536,2023-09-14,279,161,0.0,34.8,Комиссия банка
261,714891603,2023-09-14,279,161,0.0,34.8,Комиссия банка
262,714827990,2023-09-14,501,233,0.0,252.978,Перечисление подотчетному лицу
263,714565763,2023-09-14,608,233,0.0,1650.0000000000002,Перечисление подотчетному лицу
264,714113111,2023-09-14,501,233,0.0,33000.0,Перечисление подотчетному лицу
265,714094485,2023-09-14,562,233,16500000.000000002,0.0,Перевод с другого счета
266,714858460,2023-09-14,562,233,0.0,16500000.000000002,Перевод на другой счет организации
267,714584835,2023-09-07,425,142,0.0,16500.0,Оплата поставщику
268,714809937,2023-09-15,279,161,0.0,34.8,Комиссия банка
269,714306345,2023-09-15,279,161,0.0,34.8,Комиссия банка
270,714125768,2023-09-15,279,161,0.0,34.8,Комиссия банка
271,714282981,2023-09-15,279,161,0.0,34.8,Комиссия банка
272,714716466,2023-09-15,279,161,0.0,34.8,Комиссия банка
273,714622036,2023-09-07,386,171,0.0,1549229.088,Оплата поставщику
274,714994480,2023-09-07,378,171,0.0,171364.45858098278,Оплата поставщику
275,714529938,2023-09-15,288,179,0.0,5720.000000000001,Оплата поставщику
276,714686013,2023-09-15,300,194,0.0,11000.0,Оплата поставщику
277,714890366,2023-09-08,1,3,85929787.18250072,0.0,Оплата от покупателя
278,714135880,2023-09-08,19,44,0.0,29343600.0,Оплата поставщику
279,714342336,2023-09-08,195,48,0.0,271678.484,Оплата поставщику
280,714256829,2023-09-08,20,62,0.0,954361.840190136,Оплата поставщику
281,714219002,2023-09-16,227,82,0.0,2200.0,Оплата поставщику
282,714131516,2023-09-08,248,121,0.0,12100.594000000003,Оплата поставщику
283,714881033,2023-09-08,248,121,0.0,158299.84500000003,Оплата поставщику
284,714706482,2023-09-08,476,121,0.0,12026.872000000001,Оплата поставщику
285,714224216,2023-09-08,476,121,0.0,114477.803,Оплата поставщику
286,714498427,2023-09-16,249,122,0.0,2061.0,Оплата поставщику
287,714209119,2023-09-08,29,134,0.0,19562400.000000004,Оплата поставщику
288,714419167,2023-09-08,425,142,0.0,16500.0,Оплата поставщику
289,714477137,2023-09-16,279,161,0.0,34.8,Комиссия банка
290,714640363,2023-09-16,279,161,0.0,34.8,Комиссия банка
291,714469251,2023-09-16,279,161,0.0,34.8,Комиссия банка
292,714157970,2023-09-16,279,161,0.0,34.8,Комиссия банка
293,714102245,2023-09-16,279,161,0.0,34.8,Комиссия банка
294,714060299,2023-09-16,279,161,0.0,34.8,Комиссия банка
295,714242160,2023-09-16,279,161,0.0,34.8,Комиссия банка
296,714910026,2023-09-16,279,161,0.0,34.8,Комиссия банка
297,714911331,2023-09-16,279,161,0.0,34.8,Комиссия банка
298,714011508,2023-09-16,279,161,0.0,34.8,Комиссия банка
299,714971777,2023-09-16,279,161,0.0,34.8,Комиссия банка
300,714950824,2023-09-16,279,161,0.0,34.8,Комиссия банка
301,714964792,2023-09-16,279,161,0.0,34.8,Комиссия банка
302,714543269,2023-09-16,279,161,0.0,34.8,Комиссия банка
303,714722979,2023-09-16,300,194,0.0,11000.0,Оплата поставщику
304,714269399,2023-09-16,310,208,0.0,7929.581000000001,Перечисление заработной платы работнику
305,714868518,2023-09-16,315,216,0.0,4806.967000000001,Оплата поставщику
306,714544517,2023-09-16,500,233,0.0,62277.80900000001,Прочее списание
307,714579759,2023-09-16,500,233,0.0,878151.1860000001,Перечисление заработной платы по ведомостям
308,714301521,2023-09-16,501,233,0.0,33000.0,Перечисление подотчетному лицу
309,714318788,2023-09-16,501,233,62277.80900000001,0.0,Прочее поступление
310,714548319,2023-09-16,500,233,0.0,7929.581000000001,Перечисление заработной платы работнику
311,714148861,2023-09-16,500,233,0.0,62277.80900000001,Перечисление заработной платы по ведомостям
312,714515046,2023-09-08,45,236,0.0,5619760.079083065,Оплата поставщику
313,714466099,2023-09-08,576,250,0.0,5381745.139999999,Прочее списание
314,714250411,2023-09-19,224,79,0.0,34098.9,Оплата поставщику
315,714161632,2023-09-11,24,91,0.0,2818603.419789982,Оплата поставщику
316,714040992,2023-09-19,279,161,0.0,69999.996,Комиссия банка
317,714854534,2023-09-19,279,161,0.0,14000.003999999999,Комиссия банка
318,714973752,2023-09-19,279,161,0.0,69999.996,Комиссия банка
319,714792957,2023-09-19,279,161,0.0,14000.003999999999,Комиссия банка
320,714497033,2023-09-19,279,161,0.0,69999.996,Комиссия банка
321,714205492,2023-09-19,279,161,0.0,14000.003999999999,Комиссия банка
322,714240796,2023-09-19,279,161,0.0,34.8,Комиссия банка
323,714385697,2023-09-19,279,161,0.0,34.8,Комиссия банка
324,714022977,2023-09-19,279,161,0.0,34.8,Комиссия банка
325,714109946,2023-09-19,281,164,11495.000000000002,0.0,Возврат от поставщика
326,714188593,2023-09-11,298,192,0.0,728722.6760000001,Оплата поставщику
327,714989017,2023-09-12,201,56,0.0,1228815.8985755562,Оплата поставщику
328,714558714,2023-09-20,483,155,0.0,681645.312,Уплата налога
329,714936294,2023-09-20,279,161,0.0,34.8,Комиссия банка
330,714573457,2023-09-20,279,161,0.0,34.8,Комиссия банка
331,714171530,2023-09-20,279,161,0.0,34.8,Комиссия банка
332,714226437,2023-09-20,279,161,0.0,34.8,Комиссия банка
333,714188390,2023-09-12,311,209,0.0,132633.6,Оплата поставщику
334,714677248,2023-09-12,557,209,0.0,121000.00000000001,Оплата поставщику
335,714140871,2023-09-20,501,233,0.0,16603.565000000002,Перечисление подотчетному лицу
336,714776739,2023-09-20,501,233,0.0,8739.5,Перечисление подотчетному лицу
337,714194751,2023-09-12,45,236,0.0,16596675.170983732,Оплата поставщику
338,714156907,2023-09-13,1,3,119438080.86893019,0.0,Оплата от покупателя
339,714421950,2023-09-13,387,6,0.0,831141.7400000001,Оплата поставщику
340,714892509,2023-09-13,388,6,0.0,5494795.988096417,Оплата поставщику
341,714384812,2023-09-13,441,50,0.0,408946.5600000001,Оплата поставщику
342,714380877,2023-09-13,403,109,0.0,1375000.0,Оплата поставщику
343,714460492,2023-09-13,404,109,0.0,825000.0000000001,Оплата поставщику
344,714237547,2023-09-21,245,116,0.0,5936.400000000001,Оплата поставщику
345,714444654,2023-09-21,245,116,0.0,12600.0,Оплата поставщику
346,714889175,2023-09-21,249,122,0.0,10530.0,Оплата поставщику
347,714363202,2023-09-13,424,142,0.0,66000.0,Оплата поставщику
348,714451750,2023-09-21,279,161,0.0,34.8,Комиссия банка
349,714685872,2023-09-21,279,161,0.0,34.8,Комиссия банка
350,714674569,2023-09-21,279,161,0.0,34.8,Комиссия банка
351,714097028,2023-09-21,279,161,0.0,34.8,Комиссия банка
352,714083330,2023-09-21,279,161,0.0,34.8,Комиссия банка
353,714934701,2023-09-21,279,161,0.0,34.8,Комиссия банка
354,714952286,2023-09-21,279,161,0.0,34.8,Комиссия банка
355,714993593,2023-09-21,279,161,0.0,34.8,Комиссия банка
356,714758311,2023-09-21,279,161,0.0,34.8,Комиссия банка
357,714512822,2023-09-21,279,161,0.0,34.8,Комиссия банка
358,714990607,2023-09-21,279,161,0.0,34.8,Комиссия банка
359,714278943,2023-09-21,279,161,0.0,34.8,Комиссия банка
360,714848983,2023-09-21,279,161,0.0,34.8,Комиссия банка
361,714820940,2023-09-13,284,171,0.0,265650.00662997906,Оплата поставщику
362,714753591,2023-09-21,286,173,0.0,22000.0,Оплата поставщику
363,714633646,2023-09-13,311,209,0.0,41888.0,Оплата поставщику
364,714980663,2023-09-21,561,233,0.0,99000000.00000001,Депозит
365,714379435,2023-09-21,333,249,0.0,1415.7,Оплата поставщику
366,714245320,2023-09-13,580,250,0.0,4355100.618959596,Прочее списание
367,714551213,2023-09-13,35,269,0.0,4862000.000000001,Оплата поставщику
368,714738460,2023-09-14,385,6,0.0,1513150.32,Оплата поставщику
369,714399768,2023-09-22,279,161,0.0,34.8,Комиссия банка
370,714768132,2023-09-22,279,161,0.0,34.8,Комиссия банка
371,714117920,2023-09-22,279,161,0.0,34.8,Комиссия банка
372,714074959,2023-09-14,554,188,0.0,1100000.0,Оплата поставщику
373,714055733,2023-09-14,557,209,0.0,201531.00000000003,Оплата поставщику
374,714606913,2023-09-15,25,91,0.0,1733534.0880000002,Оплата поставщику
375,714976207,2023-09-23,499,161,104163.936,0.0,Прочее поступление
376,714561593,2023-09-23,279,161,0.0,34.8,Комиссия банка
377,714016424,2023-09-23,279,161,0.0,34.8,Комиссия банка
378,714074898,2023-09-23,279,161,0.0,34.8,Комиссия банка
379,714607848,2023-09-23,279,161,0.0,34.8,Комиссия банка
380,714493123,2023-09-23,279,161,0.0,34.8,Комиссия банка
381,714430290,2023-09-23,279,161,0.0,34.8,Комиссия банка
382,714599630,2023-09-23,280,162,0.0,49335.00000000001,Оплата поставщику
383,714693708,2023-09-15,295,188,0.0,840437.378,Оплата поставщику
384,714190961,2023-09-15,296,188,0.0,1504821.5160000003,Оплата поставщику
385,714354169,2023-09-23,561,233,99000000.00000001,0.0,Депозит
386,714627059,2023-09-23,561,233,0.0,92889500.00000001,Депозит
387,714898326,2023-09-15,45,236,0.0,8978855.758803336,Оплата поставщику
388,714554753,2023-09-18,205,59,0.0,317564.5,Оплата поставщику
389,714097467,2023-09-18,432,59,0.0,314185.575,Оплата поставщику
390,714616708,2023-09-18,478,121,0.0,3300.0000000000005,Оплата поставщику
391,714887827,2023-09-18,424,142,0.0,16500.0,Оплата поставщику
392,714114268,2023-09-26,499,161,144691.668,0.0,Прочее поступление
393,714142821,2023-09-26,279,161,0.0,34.8,Комиссия банка
394,714489402,2023-09-26,279,161,0.0,34.8,Комиссия банка
395,714591795,2023-09-26,279,161,0.0,34.8,Комиссия банка
396,714803547,2023-09-26,279,161,0.0,34.8,Комиссия банка
397,714272179,2023-09-26,279,161,0.0,34.8,Комиссия банка
398,714445470,2023-09-26,279,161,0.0,34.8,Комиссия банка
399,714704377,2023-09-26,279,161,0.0,34.8,Комиссия банка
400,714421824,2023-09-18,312,211,0.0,572429.55,Оплата поставщику
401,714693035,2023-09-26,315,216,0.0,11020.185000000001,Оплата поставщику
402,714662533,2023-09-26,561,233,92889500.00000001,0.0,Депозит
403,714806654,2023-09-18,577,250,0.0,5199354.607950273,Прочее списание
404,714658953,2023-09-26,337,261,0.0,3315.5,Комиссия банка
405,714568627,2023-09-18,35,269,0.0,10210.2,Оплата поставщику
406,714890566,2023-09-27,192,42,0.0,16720.0,Оплата поставщику
407,714703086,2023-09-19,38,47,0.0,14473.378965172324,Оплата поставщику
408,714642555,2023-09-19,201,56,0.0,171841.28286798147,Оплата поставщику
409,714759663,2023-09-19,201,56,0.0,1199660.8311860324,Оплата поставщику
410,714343877,2023-09-19,379,56,0.0,483613.4160000001,Оплата поставщику
411,714066094,2023-09-19,201,56,0.0,90653.22525813342,Оплата поставщику
412,714880579,2023-09-19,25,91,0.0,879483.176,Оплата поставщику
413,714163174,2023-09-27,236,107,0.0,1080.0,Оплата поставщику
414,714621561,2023-09-27,279,161,0.0,6540.0,Комиссия банка
415,714102892,2023-09-27,300,194,0.0,22000.0,Оплата поставщику
416,714925142,2023-09-27,333,249,0.0,1415.7,Оплата поставщику
417,714709529,2023-09-27,335,259,0.0,19950.0,Оплата поставщику
418,714636362,2023-09-27,349,282,0.0,8075.0,Оплата поставщику
419,714975602,2023-09-28,286,173,0.0,22000.0,Оплата поставщику
420,714512904,2023-09-21,201,56,0.0,337226.26795628696,Оплата поставщику
421,714912103,2023-09-21,201,56,0.0,340742.64442557475,Оплата поставщику
422,714042981,2023-09-21,201,56,0.0,507626.41292701935,Оплата поставщику
423,714783125,2023-09-21,201,56,0.0,509586.3604672781,Оплата поставщику
424,714430186,2023-09-21,201,56,0.0,83097.14145961565,Оплата поставщику
425,714868029,2023-09-21,379,56,0.0,489060.00000000006,Оплата поставщику
426,714676670,2023-09-22,28,132,0.0,2828540.0000000005,Оплата поставщику
427,714335400,2023-09-30,264,149,0.0,145548.0,Оплата поставщику
428,714881557,2023-09-30,310,208,0.0,29074.056,Перечисление заработной платы работнику
429,714115300,2023-09-30,501,233,0.0,3080.0000000000005,Перечисление подотчетному лицу
430,714669083,2023-09-30,607,233,0.0,31581.000000000004,Прочее списание
431,714434787,2023-09-30,501,233,0.0,8739.5,Перечисление подотчетному лицу
432,714545959,2023-09-30,607,233,0.0,957.0000000000001,Прочее списание
433,714643923,2023-09-30,500,233,0.0,10291.897,Перечисление по исполнительному листу работника
434,714792269,2023-09-30,500,233,0.0,1015310.153,Перечисление заработной платы по ведомостям
435,714116400,2023-09-30,500,233,0.0,1914.0000000000002,Прочее списание
436,714504829,2023-09-30,561,233,0.0,80899500.0,Депозит
437,714859446,2023-09-25,19,44,31375.08,0.0,Возврат от поставщика
438,714533938,2023-10-03,499,161,132959.712,0.0,Прочее поступление
439,714076867,2023-10-03,279,161,0.0,69999.996,Комиссия банка
440,714588896,2023-10-03,279,161,0.0,14000.003999999999,Комиссия банка
441,714374990,2023-09-25,558,211,0.0,607867.04,Оплата поставщику
442,714896752,2023-10-03,561,233,80899500.0,0.0,Депозит
443,714152082,2023-10-03,333,249,0.0,1415.7,Оплата поставщику
444,714231422,2023-10-04,232,99,0.0,2160.4,Оплата поставщику
445,714559522,2023-09-26,29,134,1219471.11,0.0,Возврат от поставщика
446,714297249,2023-10-04,551,175,0.0,4553.692000000001,Уплата налога
447,714509058,2023-10-04,500,233,0.0,12919.500000000002,Перечисление заработной платы по ведомостям
448,714614612,2023-09-26,578,250,0.0,3935349.1912682536,Прочее списание
449,714896592,2023-10-05,177,25,0.0,1089.0,Комиссия банка
450,714536401,2023-10-05,177,25,0.0,3630.0000000000005,Комиссия банка
451,714762074,2023-10-05,206,60,0.0,11132.0,Оплата поставщику
452,714221550,2023-09-27,23,83,0.0,6534000.000000001,Оплата поставщику
453,714905691,2023-09-27,470,83,0.0,4356000.000000001,Оплата поставщику
454,714992616,2023-09-27,27,119,0.0,1581547.991010678,Оплата поставщику
455,714926644,2023-09-27,423,142,0.0,16500.0,Оплата поставщику
456,714247753,2023-09-27,386,171,0.0,39171.0,Оплата поставщику
457,714201573,2023-09-27,389,171,0.0,3917.1000000000004,Оплата поставщику
458,714711454,2023-09-27,554,188,0.0,1741406.7770000002,Оплата поставщику
459,714487028,2023-10-05,562,233,0.0,11000.0,Перевод на другой счет организации
460,714031433,2023-10-05,562,233,11000.0,0.0,Перевод с другого счета
461,714586614,2023-09-29,22,80,981300.3200000001,0.0,Возврат от поставщика
462,714060141,2023-09-29,21,80,93673.96332119084,0.0,Возврат от поставщика
463,714313476,2023-09-29,30,146,0.0,1674494.2500000002,Оплата поставщику
464,714132130,2023-10-07,267,154,0.0,19800.0,Оплата поставщику
465,714369699,2023-09-29,380,171,0.0,710071.56,Оплата поставщику
466,714523509,2023-09-29,36,281,212906.76000000004,0.0,Возврат от поставщика
467,714800315,2023-10-10,226,81,0.0,96360.00000000001,Оплата поставщику
468,714938885,2023-10-02,470,83,0.0,484000.00000000006,Оплата поставщику
469,714187646,2023-10-02,423,142,0.0,16500.0,Оплата поставщику
470,714325465,2023-10-02,389,171,0.0,693712.8,Оплата поставщику
471,714173529,2023-10-10,333,249,0.0,1415.7,Оплата поставщику
472,714611940,2023-10-03,23,83,0.0,71148.00000000001,Оплата поставщику
473,714985118,2023-10-03,26,118,0.0,44467500.00000001,Оплата поставщику
474,714177062,2023-10-11,286,173,0.0,33000.0,Оплата поставщику
475,714003274,2023-10-11,501,233,0.0,33000.0,Перечисление подотчетному лицу
476,714672348,2023-10-11,606,233,0.0,646.8000000000001,Перечисление подотчетному лицу
477,714816113,2023-10-04,28,132,168728.56000000003,0.0,Возврат от поставщика
478,714352623,2023-10-04,31,168,0.0,21780000.000000004,Оплата поставщику
479,714294009,2023-10-04,383,171,0.0,317609.87500000006,Оплата поставщику
480,714332175,2023-10-05,20,62,106411.34518120017,0.0,Возврат от поставщика
481,714878228,2023-10-06,378,171,0.0,1255739.2634080737,Оплата поставщику
482,714574812,2023-10-14,310,208,0.0,26546.443000000003,Перечисление заработной платы работнику
483,714713322,2023-10-14,500,233,0.0,763983.3960000001,Перечисление заработной платы по ведомостям
484,714238960,2023-10-14,500,233,0.0,263175.0,Перечисление заработной платы по ведомостям
485,714127857,2023-10-09,377,77,0.0,142904.52000000002,Оплата поставщику
486,714434470,2023-10-09,377,77,0.0,54310.806000000004,Оплата поставщику
487,714093488,2023-10-09,377,77,0.0,3503397.48,Оплата поставщику
488,714522895,2023-10-09,377,77,0.0,2982727.44,Оплата поставщику
489,714929420,2023-10-09,382,77,0.0,178618.44000000003,Оплата поставщику
490,714213964,2023-10-09,382,77,0.0,924863.9400000001,Оплата поставщику
491,714717121,2023-10-09,477,121,0.0,154966.339,Оплата поставщику
492,714167009,2023-10-17,562,233,11000000.0,0.0,Перевод с другого счета
493,714297684,2023-10-17,562,233,0.0,11000000.0,Перевод на другой счет организации
494,714794107,2023-10-18,333,249,0.0,1415.7,Оплата поставщику
495,714500712,2023-10-11,27,119,0.0,541507.4988813013,Оплата поставщику
496,714316539,2023-10-11,27,119,0.0,898311.2561211821,Оплата поставщику
497,714095927,2023-10-19,315,216,0.0,12445.070000000002,Оплата поставщику
498,714526343,2023-10-20,483,155,0.0,1457055.984,Уплата налога
499,714859409,2023-10-20,483,155,0.0,408.0,Уплата налога
500,714917255,2023-10-20,277,160,0.0,4744.68,Оплата поставщику
501,714814151,2023-10-20,300,194,0.0,27060.000000000004,Оплата поставщику
502,714259337,2023-10-12,40,219,368464.8,0.0,Возврат от поставщика
503,714521923,2023-10-12,41,219,296246.53138075315,0.0,Возврат от поставщика
504,714206692,2023-10-13,31,168,1746272.0000000002,0.0,Возврат от поставщика
505,714941670,2023-10-22,177,25,0.0,2200.0,Комиссия банка
506,714924666,2023-10-22,177,25,0.0,2200.0,Комиссия банка
507,714020621,2023-10-23,177,25,0.0,1507.0000000000002,Комиссия банка
508,714152740,2023-10-15,443,50,0.0,46481.490000000005,Оплата поставщику
509,714397091,2023-10-24,192,42,0.0,16720.0,Оплата поставщику
510,714368271,2023-10-16,437,48,0.0,395124.8400000001,Оплата поставщику
511,714264278,2023-10-16,383,171,0.0,931700.0000000001,Оплата поставщику
512,714362607,2023-10-24,299,193,0.0,3503.9620000000004,Оплата поставщику
513,714148094,2023-10-24,318,221,0.0,67210.0,Оплата поставщику
514,714713566,2023-10-24,333,249,0.0,1415.7,Оплата поставщику
515,714864104,2023-10-16,594,279,0.0,752830.9140000001,Оплата поставщику
516,714247244,2023-10-16,348,279,0.0,61853.00000000001,Оплата поставщику
517,714836331,2023-10-16,348,279,0.0,423400.087,Оплата поставщику
518,714051608,2023-10-17,171,12,0.0,526350.0000000001,Оплата поставщику
519,714119132,2023-10-17,422,142,0.0,16500.0,Оплата поставщику
520,714474780,2023-10-17,386,171,0.0,677888.9040000001,Оплата поставщику
521,714827345,2023-10-25,346,277,0.0,5700.0,Оплата поставщику
522,714823250,2023-10-18,174,19,313786.044,0.0,Возврат от поставщика
523,714842675,2023-10-26,286,173,0.0,22000.0,Оплата поставщику
524,714639188,2023-10-27,337,261,0.0,3315.5,Комиссия банка
525,714487916,2023-10-28,279,161,0.0,6540.0,Комиссия банка
526,714197849,2023-10-28,501,233,0.0,33968.0,Перечисление подотчетному лицу
527,714416149,2023-10-28,606,233,0.0,1799.6000000000001,Перечисление подотчетному лицу
528,714252682,2023-11-01,551,175,0.0,5383.686000000001,Уплата налога
529,714285191,2023-11-01,551,175,0.0,1.4960000000000002,Уплата налога
530,714158255,2023-11-01,310,208,0.0,28959.557,Перечисление заработной платы работнику
531,714020303,2023-11-01,500,233,0.0,15072.860000000002,Перечисление по исполнительному листу работника
532,714834573,2023-11-01,500,233,0.0,1134717.881,Перечисление заработной платы по ведомостям
533,714531792,2023-11-01,337,261,0.0,297.6065,Комиссия банка
534,714781167,2023-11-07,315,216,0.0,3850.0000000000005,Оплата поставщику
535,714774548,2023-11-09,333,249,0.0,2831.4,Оплата поставщику
536,714836661,2023-11-03,17,23,197232.60794883635,0.0,Возврат от поставщика
537,714916672,2023-11-14,235,105,0.0,17875.033000000003,Комиссия банка
538,714796720,2023-11-14,235,105,0.0,18150.0,Комиссия банка
539,714789078,2023-11-14,235,105,0.0,66000.0,Комиссия банка
540,714303545,2023-11-14,235,105,0.0,89374.967,Комиссия банка
541,714438010,2023-11-14,277,160,0.0,6240.0,Оплата поставщику
542,714933584,2023-11-14,500,233,0.0,125460.566,Перечисление заработной платы по ведомостям
543,714312496,2023-11-07,463,64,0.0,53053.00000000001,Оплата поставщику
544,714339755,2023-11-07,468,64,0.0,43388.598000000005,Оплата поставщику
545,714273470,2023-11-15,235,105,0.0,66.0,Комиссия банка
546,714748232,2023-11-15,235,105,0.0,66.0,Комиссия банка
547,714944109,2023-11-15,235,105,0.0,66.0,Комиссия банка
548,714686413,2023-11-15,235,105,0.0,66.0,Комиссия банка
549,714333156,2023-11-15,235,105,0.0,66.0,Комиссия банка
550,714588532,2023-11-15,235,105,0.0,66.0,Комиссия банка
551,714454976,2023-11-15,235,105,0.0,66.0,Комиссия банка
552,714505472,2023-11-15,235,105,0.0,66.0,Комиссия банка
553,714841168,2023-11-15,235,105,0.0,66.0,Комиссия банка
554,714286650,2023-11-15,235,105,0.0,5500.0,Комиссия банка
555,714386746,2023-11-07,405,109,0.0,1535490.506,Оплата поставщику
556,714114510,2023-11-07,43,141,0.0,3029356.0000000005,Оплата поставщику
557,714067125,2023-11-07,383,171,0.0,1238250.8138000001,Оплата поставщику
558,714677514,2023-11-07,553,188,0.0,3175932.9910000004,Оплата поставщику
559,714020488,2023-11-07,558,211,0.0,196857.38600000003,Оплата поставщику
560,714823200,2023-11-15,562,233,11000000.0,0.0,Перевод с другого счета
561,714384056,2023-11-15,562,233,0.0,11000000.0,Перевод на другой счет организации
562,714654239,2023-11-07,330,240,0.0,102000.23900000002,Оплата поставщику
563,714201041,2023-11-16,206,60,0.0,11132.0,Оплата поставщику
564,714423290,2023-11-16,245,116,0.0,6300.0,Оплата поставщику
565,714471556,2023-11-08,479,121,0.0,114777.19,Оплата поставщику
566,714693262,2023-11-08,480,121,0.0,141517.62900000002,Оплата поставщику
567,714362038,2023-11-08,481,121,0.0,145818.838,Оплата поставщику
568,714319931,2023-11-08,248,121,0.0,134602.358,Оплата поставщику
569,714204579,2023-11-08,476,121,0.0,137858.19300000003,Оплата поставщику
570,714747547,2023-11-08,477,121,0.0,146088.899,Оплата поставщику
571,714222177,2023-11-16,264,149,0.0,145548.0,Оплата поставщику
572,714527988,2023-11-08,550,169,0.0,35640.0,Оплата поставщику
573,714228897,2023-11-16,286,173,0.0,22000.0,Оплата поставщику
574,714979134,2023-11-16,310,208,0.0,45852.048,Перечисление заработной платы работнику
575,714605782,2023-11-16,501,233,0.0,33000.0,Перечисление подотчетному лицу
576,714847131,2023-11-16,501,233,0.0,88157.63,Перечисление подотчетному лицу
577,714750206,2023-11-16,606,233,0.0,5242.6,Перечисление подотчетному лицу
578,714348651,2023-11-16,500,233,0.0,1028138.4850000001,Перечисление заработной платы по ведомостям
579,714236576,2023-11-16,500,233,0.0,23059.564000000002,Перечисление заработной платы по ведомостям
580,714192850,2023-11-16,500,233,0.0,15828.373000000001,Перечисление заработной платы по ведомостям
581,714305773,2023-11-16,500,233,0.0,288239.02800000005,Перечисление заработной платы по ведомостям
582,714384824,2023-11-08,46,236,0.0,823802.4850000001,Оплата поставщику
583,714341393,2023-11-08,45,236,0.0,14425.221652996343,Оплата поставщику
584,714326964,2023-11-17,318,221,0.0,37180.0,Оплата поставщику
585,714172702,2023-11-09,45,236,14.049400197707662,0.0,Возврат от поставщика
586,714890441,2023-11-18,315,216,0.0,4480.322,Оплата поставщику
587,714476862,2023-11-16,48,63,0.0,11434500.000000002,Оплата поставщику
588,714189090,2023-11-16,49,72,0.0,13975500.000000002,Оплата поставщику
589,714593676,2023-11-21,235,105,0.0,66.0,Комиссия банка
590,714480088,2023-11-21,235,105,0.0,66.0,Комиссия банка
591,714134058,2023-11-21,277,160,0.0,6624.0,Оплата поставщику
592,714433763,2023-11-21,333,249,0.0,1415.7,Оплата поставщику
593,714023433,2023-11-22,185,33,0.0,67100.0,Оплата поставщику
594,714680270,2023-11-22,318,221,0.0,5005.0,Оплата поставщику
595,714341319,2023-11-22,607,233,0.0,13206.6,Прочее списание
596,714607177,2023-11-22,607,233,0.0,957.0000000000001,Прочее списание
597,714760443,2023-11-23,177,25,0.0,1793.0000000000002,Комиссия банка
598,714277336,2023-11-18,49,72,0.0,13975500.000000002,Оплата поставщику
599,714974603,2023-11-23,235,105,0.0,66.0,Комиссия банка
600,714246666,2023-11-23,235,105,0.0,66.0,Комиссия банка
601,714471644,2023-11-23,483,155,0.0,1304655.144,Уплата налога
602,714086718,2023-11-23,562,233,0.0,22000.0,Перевод на другой счет организации
603,714021268,2023-11-23,562,233,22000.0,0.0,Перевод с другого счета
604,714507425,2023-11-25,337,261,0.0,3315.5,Комиссия банка
605,714187720,2023-11-28,235,105,0.0,2200.0,Комиссия банка
606,714152798,2023-11-28,279,161,0.0,6540.0,Комиссия банка
607,714008885,2023-11-21,470,83,3388.0000000000005,0.0,Возврат от поставщика
608,714470622,2023-11-25,6,2,30360000.000000004,0.0,Оплата от покупателя
609,714396065,2023-11-25,47,13,0.0,8712000.000000002,Оплата поставщику
610,714057848,2023-11-25,601,105,0.0,225500.00000000003,Прочие расчеты с контрагентами
611,714988852,2023-11-30,235,105,0.0,66.0,Комиссия банка
612,714166076,2023-11-30,235,105,0.0,66.0,Комиссия банка
613,714711558,2023-11-30,235,105,0.0,66.0,Комиссия банка
614,714031958,2023-11-30,235,105,0.0,18333.337,Комиссия банка
615,714874689,2023-11-30,235,105,0.0,91666.66300000002,Комиссия банка
616,714245989,2023-11-25,601,105,12928982.000000002,0.0,Поступления от продажи иностранной валюты
617,714439383,2023-11-25,602,105,29775988.000000004,0.0,Поступления от продажи иностранной валюты
618,714562374,2023-11-22,475,105,0.0,14300000.000000002,Прочие расчеты с контрагентами
619,714545386,2023-11-25,50,147,0.0,30492000.000000004,Оплата поставщику
620,714312958,2023-11-30,562,233,23650000.000000004,0.0,Перевод с другого счета
621,714497229,2023-11-30,562,233,0.0,23650000.000000004,Перевод на другой счет организации
622,714300140,2023-11-25,53,270,0.0,4356000.000000001,Оплата поставщику
623,714885168,2023-11-26,48,63,4356.000000000001,0.0,Возврат от поставщика
624,714207899,2023-11-23,466,64,0.0,11880.000000000002,Оплата поставщику
625,714858674,2023-11-22,467,64,0.0,13860.000000000002,Оплата поставщику
626,714940239,2023-11-26,49,72,6050000.000000001,0.0,Возврат от поставщика
627,714305083,2023-11-23,255,128,0.0,119296.19574842768,Оплата поставщику
628,714206998,2023-12-01,277,160,0.0,18000.0,Оплата поставщику
629,714757453,2023-12-01,280,162,0.0,17545.0,Оплата поставщику
630,714982816,2023-11-26,306,200,0.0,44445.72000000001,Оплата поставщику
631,714910225,2023-11-26,306,200,0.0,22992.420000000002,Оплата поставщику
632,714780591,2023-11-26,306,200,0.0,84847.62000000001,Оплата поставщику
633,714297712,2023-12-01,316,217,0.0,133419.0,Оплата поставщику
634,714783576,2023-12-01,316,217,0.0,133419.0,Оплата поставщику
635,714152488,2023-12-01,321,226,0.0,6600.000000000001,Оплата поставщику
636,714530463,2023-12-01,324,231,0.0,5280.0,Оплата поставщику
637,714216920,2023-12-01,500,233,0.0,883655.9380000001,Перечисление заработной платы по ведомостям
638,714832998,2023-12-01,501,233,0.0,351.956,Перечисление подотчетному лицу
639,714790826,2023-12-01,606,233,0.0,3368.2000000000003,Перечисление подотчетному лицу
640,714838111,2023-12-01,501,233,0.0,8386.84,Перечисление подотчетному лицу
641,714337180,2023-11-23,330,240,0.0,54010.00000000001,Оплата поставщику
642,714914442,2023-12-01,333,249,0.0,1415.7,Оплата поставщику
643,714763241,2023-12-01,346,277,0.0,5700.0,Оплата поставщику
644,714005872,2023-11-24,298,192,5927.878,0.0,Возврат от поставщика
645,714377059,2023-12-02,500,233,0.0,26477.869000000002,Перечисление заработной платы по ведомостям
646,714517122,2023-12-02,500,233,0.0,78839.145,Перечисление заработной платы по ведомостям
647,714753964,2023-11-29,552,180,0.0,227560.08000000002,Оплата поставщику
648,714373618,2023-11-30,49,72,2243715.1000000006,0.0,Возврат от поставщика
649,714165561,2023-11-27,475,105,65354355.00000001,0.0,Поступления от продажи иностранной валюты
650,714263843,2023-11-27,475,105,0.0,23424500.000000004,Прочие расчеты с контрагентами
651,714764733,2023-12-01,373,6,0.0,6291975.800000001,Оплата поставщику
652,714911224,2023-12-06,206,60,0.0,11132.0,Оплата поставщику
653,714647464,2023-12-06,264,149,0.0,145548.0,Оплата поставщику
654,714811086,2023-12-06,316,217,0.0,133419.0,Оплата поставщику
655,714900570,2023-12-01,53,270,696088.8000000002,0.0,Возврат от поставщика
656,714347518,2023-12-06,345,276,0.0,106020.0,Оплата поставщику
657,714435480,2023-12-07,286,173,0.0,22000.0,Оплата поставщику
658,714678266,2023-12-07,551,175,0.0,4895.814,Уплата налога
659,714992599,2023-12-07,321,226,0.0,6600.000000000001,Оплата поставщику
660,714431235,2023-12-07,500,233,0.0,3144.3280000000004,Перечисление по исполнительному листу работника
661,714964418,2023-12-07,606,233,0.0,426.03000000000003,Перечисление подотчетному лицу
662,714660109,2023-12-07,501,233,0.0,9247.018,Возврат займа контрагенту
663,714795892,2023-12-07,606,233,0.0,880.0000000000001,Перечисление подотчетному лицу
664,714371029,2023-12-07,333,249,0.0,1415.7,Оплата поставщику
665,714986350,2023-12-09,167,9,0.0,5500.0,Оплата поставщику
666,714595684,2023-12-09,235,105,0.0,66.0,Комиссия банка
667,714469901,2023-12-09,235,105,0.0,66.0,Комиссия банка
668,714837098,2023-12-09,235,105,0.0,66.0,Комиссия банка
669,714982939,2023-12-09,235,105,0.0,66.0,Комиссия банка
670,714273989,2023-12-01,56,138,0.0,48021600.0,Оплата поставщику
671,714639108,2023-12-09,280,162,0.0,19250.0,Оплата поставщику
672,714895992,2023-12-09,286,173,0.0,22000.0,Оплата поставщику
673,714654953,2023-12-09,300,194,0.0,18700.0,Оплата поставщику
674,714544008,2023-12-09,501,233,0.0,11000.0,Перечисление подотчетному лицу
675,714422445,2023-12-09,501,233,0.0,22000.0,Перечисление подотчетному лицу
676,714046837,2023-12-12,167,9,0.0,4400.0,Оплата поставщику
677,714856259,2023-12-12,300,194,0.0,18700.0,Оплата поставщику
678,714688964,2023-12-12,317,220,0.0,772.2,Оплата поставщику
679,714430364,2023-12-12,501,233,0.0,8701.0,Перечисление подотчетному лицу
680,714807340,2023-12-12,501,233,0.0,1166.0,Перечисление подотчетному лицу
681,714864402,2023-12-13,501,233,0.0,11000.0,Перечисление подотчетному лицу
682,714711564,2023-12-06,55,127,0.0,8730150.000000002,Оплата поставщику
683,714865433,2023-12-14,300,194,0.0,13200.000000000002,Оплата поставщику
684,714664110,2023-12-07,370,43,0.0,8399062.188000001,Оплата поставщику
685,714759981,2023-12-06,467,64,0.0,13860.000000000002,Оплата поставщику
686,714806739,2023-12-06,467,64,0.0,26400.000000000004,Оплата поставщику
687,714678227,2023-12-06,467,64,0.0,10560.0,Оплата поставщику
688,714216626,2023-12-07,466,64,0.0,59400.00000000001,Оплата поставщику
689,714197326,2023-12-15,235,105,0.0,66.0,Комиссия банка
690,714854127,2023-12-15,315,216,0.0,5478.374000000001,Оплата поставщику
691,714746078,2023-12-15,501,233,0.0,11000.0,Перечисление подотчетному лицу
692,714238359,2023-12-15,606,233,0.0,750.2,Перечисление подотчетному лицу
693,714415819,2023-12-07,58,255,0.0,19360000.000000004,Оплата поставщику
694,714199099,2023-12-16,235,105,0.0,66.0,Комиссия банка
695,714459761,2023-12-08,57,202,0.0,4519680.0,Оплата поставщику
696,714735676,2023-12-16,500,233,0.0,641374.1510000001,Перечисление заработной платы по ведомостям
697,714348985,2023-12-16,500,233,0.0,484152.57000000007,Перечисление заработной платы по ведомостям
698,714058808,2023-12-11,579,250,0.0,3070536.5217093024,Прочее списание
699,714118885,2023-12-11,581,250,0.0,1732757.9115085122,Прочее списание
700,714236409,2023-12-14,49,72,3797887.5000000005,0.0,Возврат от поставщика
701,714684087,2023-12-11,55,127,28314.000000000004,0.0,Возврат от поставщика
702,714171240,2023-12-19,501,233,0.0,11851.070000000002,Перечисление подотчетному лицу
703,714519736,2023-12-19,501,233,0.0,92679.554,Перечисление подотчетному лицу
704,714018492,2023-12-19,501,233,0.0,18150.0,Перечисление подотчетному лицу
705,714128049,2023-12-19,607,233,0.0,11550.000000000002,Прочее списание
706,714695012,2023-12-12,180,27,0.0,51158.42600000001,Оплата поставщику
707,714657269,2023-12-12,180,27,0.0,23100.000000000004,Оплата поставщику
708,714686223,2023-12-12,180,27,0.0,541761.0,Оплата поставщику
709,714405179,2023-12-12,54,67,0.0,3630000.0000000005,Оплата поставщику
710,714077999,2023-12-20,256,130,0.0,90.0,Комиссия банка
711,714883000,2023-12-20,256,130,0.0,540.0,Комиссия банка
712,714994955,2023-12-20,256,130,0.0,1350.0,Комиссия банка
713,714103103,2023-12-20,256,130,0.0,2475.0,Комиссия банка
714,714067843,2023-12-20,256,130,0.0,2700.0,Комиссия банка
715,714719624,2023-12-20,256,130,0.0,3600.0,Комиссия банка
716,714176832,2023-12-20,256,130,0.0,4572.648,Комиссия банка
717,714402697,2023-12-20,562,233,16500000.000000002,0.0,Перевод с другого счета
718,714763198,2023-12-20,562,233,0.0,16500000.000000002,Перевод на другой счет организации
719,714445400,2023-12-21,192,42,0.0,16720.0,Оплата поставщику
720,714848537,2023-12-21,192,42,0.0,16720.0,Оплата поставщику
721,714528395,2023-12-13,381,43,0.0,47190.00000000001,Оплата поставщику
722,714384737,2023-12-13,193,43,0.0,65352.10000000001,Оплата поставщику
723,714741616,2023-12-13,193,43,0.0,247881.81000000003,Оплата поставщику
724,714584503,2023-12-13,193,43,0.0,284183.26200000005,Оплата поставщику
725,714205185,2023-12-13,193,43,0.0,323324.10000000003,Оплата поставщику
726,714848379,2023-12-13,369,43,0.0,679196.8128000002,Оплата поставщику
727,714724614,2023-12-13,381,43,0.0,1378965.4164000002,Оплата поставщику
728,714353548,2023-12-13,376,43,0.0,1653020.1600000001,Оплата поставщику
729,714059228,2023-12-13,193,43,0.0,107683.10300000008,Оплата поставщику
730,714982274,2023-12-13,376,43,0.0,3385852.8000000003,Оплата поставщику
731,714197768,2023-12-13,372,43,0.0,2192966.7804000005,Оплата поставщику
732,714226645,2023-12-13,369,43,0.0,1038857.9872000001,Оплата поставщику
733,714998049,2023-12-13,371,43,0.0,746581.4400000001,Оплата поставщику
734,714361013,2023-12-13,372,43,0.0,771040.2898,Оплата поставщику
735,714436479,2023-12-13,372,43,0.0,771040.2898,Оплата поставщику
736,714046852,2023-12-13,466,64,0.0,44088.0,Оплата поставщику
737,714129190,2023-12-13,54,67,0.0,2420000.0000000005,Оплата поставщику
738,714150819,2023-12-21,256,130,0.0,1890.0,Комиссия банка
739,714140331,2023-12-13,56,138,0.0,1223703.36,Оплата поставщику
740,714108010,2023-12-13,422,142,0.0,16500.0,Оплата поставщику
741,714258543,2023-12-16,50,147,0.0,117612.00000000001,Оплата поставщику
742,714655190,2023-12-13,390,171,0.0,20075.001673640167,Оплата поставщику
743,714481952,2023-12-21,333,249,0.0,1415.7,Оплата поставщику
744,714370201,2023-12-13,583,250,0.0,768375.3,Прочее списание
745,714362078,2023-12-13,58,255,0.0,272008.00000000006,Оплата поставщику
746,714021967,2023-12-22,177,25,0.0,2200.0,Комиссия банка
747,714507606,2023-12-22,177,25,0.0,3300.0000000000005,Комиссия банка
748,714400292,2023-12-22,177,25,0.0,2200.0,Комиссия банка
749,714472357,2023-12-14,438,50,0.0,55842.600000000006,Оплата поставщику
750,714205440,2023-12-14,440,50,0.0,133874.40000000002,Оплата поставщику
751,714956813,2023-12-14,442,50,0.0,407484.0,Оплата поставщику
752,714965801,2023-12-17,198,51,0.0,982130.6220000001,Оплата поставщику
753,714148924,2023-12-14,472,87,0.0,1633500.0000000002,Оплата поставщику
754,714881415,2023-12-14,43,141,0.0,35318.08500000001,Оплата поставщику
755,714301651,2023-12-22,483,155,0.0,1192612.464,Уплата налога
756,714912638,2023-12-22,606,233,0.0,1153.3500000000001,Перечисление подотчетному лицу
757,714945713,2023-12-22,500,233,0.0,711766.55,Перечисление заработной платы по ведомостям
758,714980589,2023-12-22,562,233,0.0,11000.0,Перевод на другой счет организации
759,714487011,2023-12-22,500,233,0.0,204651.271,Перечисление заработной платы по ведомостям
760,714370207,2023-12-22,562,233,11000.0,0.0,Перевод с другого счета
761,714351851,2023-12-22,346,277,0.0,5700.0,Оплата поставщику
762,714488338,2023-12-18,164,6,0.0,1790800.0000000002,Оплата поставщику
763,714163289,2023-12-18,374,6,0.0,757398.2900000002,Оплата поставщику
764,714183093,2023-12-23,501,233,0.0,110000.00000000001,Перечисление подотчетному лицу
765,714224856,2023-12-16,434,36,0.0,172259.85700000002,Оплата поставщику
766,714446342,2023-12-24,337,261,0.0,3315.5,Комиссия банка
767,714734637,2023-12-28,393,1,0.0,729387.1640000001,Прочие расчеты с контрагентами
768,714005695,2024-01-05,235,105,0.0,2200.0,Комиссия банка
769,714847748,2024-01-05,256,130,0.0,1350.0,Комиссия банка
770,714989097,2024-01-05,256,130,0.0,1350.0,Комиссия банка
771,714245547,2024-01-05,279,161,0.0,6540.0,Комиссия банка
772,714139828,2024-01-05,499,161,78329.292,0.0,Прочее поступление
773,714464241,2024-01-05,286,173,0.0,22000.0,Оплата поставщику
774,714602349,2023-12-29,57,202,315247.68,0.0,Возврат от поставщика
775,714934121,2024-01-06,500,233,0.0,33495.0,Перечисление заработной платы по ведомостям
776,714134217,2024-01-06,500,233,0.0,3349.5000000000005,Перечисление заработной платы по ведомостям
777,714674244,2024-01-01,434,36,0.0,427481.8240000001,Оплата поставщику
778,714005622,2024-01-01,381,43,0.0,484524.9552000001,Оплата поставщику
779,714425411,2024-01-01,381,43,0.0,954766.4984000002,Оплата поставщику
780,714842521,2024-01-09,206,60,0.0,11132.0,Оплата поставщику
781,714173825,2024-01-01,501,233,0.0,10252.0,Перечисление подотчетному лицу
782,714921891,2024-01-04,420,142,0.0,20790.0,Оплата поставщику
783,714899435,2024-01-09,551,175,0.0,3796.9910000000004,Уплата налога
784,714542070,2024-01-09,300,194,0.0,22000.0,Оплата поставщику
785,714373691,2024-01-09,317,220,0.0,1986.6000000000001,Оплата поставщику
786,714851327,2024-01-09,321,226,0.0,6600.000000000001,Оплата поставщику
787,714495713,2024-01-09,333,249,0.0,1415.7,Оплата поставщику
788,714235621,2024-01-02,54,67,580316.0000000001,0.0,Возврат от поставщика
789,714516904,2024-01-11,235,105,0.0,550.0,Комиссия банка
790,714934358,2024-01-11,235,105,0.0,2750.0,Комиссия банка
791,714883082,2024-01-12,192,42,0.0,16720.0,Оплата поставщику
792,714846501,2024-01-04,405,109,0.0,0.022000000000000002,Оплата поставщику
793,714932614,2024-01-12,287,176,0.0,8602.473000000002,Оплата поставщику
794,714919670,2024-01-12,316,217,0.0,133419.0,Оплата поставщику
795,714370511,2024-01-12,501,233,0.0,17545.0,Перечисление подотчетному лицу
796,714053107,2024-01-12,501,233,0.0,8861.380000000001,Перечисление подотчетному лицу
797,714585646,2024-01-13,200,53,0.0,18729.744000000002,Оплата поставщику
798,714264135,2024-01-13,253,126,0.0,4555.8,Оплата поставщику
799,714758326,2024-01-13,264,149,0.0,145548.0,Оплата поставщику
800,714163809,2024-01-13,483,155,0.0,22560.0,Уплата налога
801,714611288,2024-01-16,500,233,0.0,288397.4060000001,Перечисление заработной платы по ведомостям
802,714942062,2024-01-16,500,233,0.0,120902.595,Перечисление заработной платы по ведомостям
803,714608220,2024-01-17,279,161,0.0,360.0,Комиссия банка
804,714720652,2024-01-17,501,233,0.0,58789.72,Перечисление подотчетному лицу
805,714056650,2024-01-12,326,235,0.0,495000.00000000006,Оплата поставщику
806,714378045,2024-01-18,279,161,0.0,800.0039999999999,Комиссия банка
807,714857927,2024-01-18,279,161,0.0,159.996,Комиссия банка
808,714983269,2024-01-18,501,233,0.0,5500.0,Перечисление подотчетному лицу
809,714605740,2024-01-18,606,233,0.0,544.2800000000001,Перечисление подотчетному лицу
810,714533629,2024-01-18,501,233,0.0,16036.449000000002,Перечисление подотчетному лицу
811,714098411,2024-01-24,483,155,0.0,1882.8,Уплата налога
812,714720312,2024-01-24,483,155,0.0,1224.0,Уплата налога
813,714874198,2024-01-24,483,155,0.0,566479.032,Уплата налога
814,714830991,2024-01-24,317,220,0.0,910.8000000000001,Оплата поставщику
815,714318300,2024-01-24,333,249,0.0,1415.7,Оплата поставщику
816,714916555,2024-01-20,326,235,0.0,19644.196000000004,Оплата поставщику
817,714740336,2024-01-22,186,36,0.0,36960.0,Оплата поставщику
818,714371412,2024-01-27,200,53,0.0,17384.851000000002,Оплата поставщику
819,714379883,2024-01-27,244,115,0.0,16126.65,Оплата поставщику
820,714294064,2024-01-27,282,165,0.0,362241.00000000006,Оплата поставщику
821,714186101,2024-01-27,286,173,0.0,22000.0,Оплата поставщику
822,714345212,2024-01-27,606,233,0.0,979.5500000000001,Перечисление подотчетному лицу
823,714301159,2024-01-27,337,261,0.0,3315.5,Комиссия банка
824,714515287,2024-01-27,346,277,0.0,5700.0,Оплата поставщику
825,714771110,2024-01-30,235,105,0.0,2200.0,Комиссия банка
826,714762531,2024-01-30,256,130,0.0,1350.0,Комиссия банка
827,714186052,2024-01-30,256,130,0.0,1350.0,Комиссия банка
828,714143868,2024-01-30,279,161,0.0,6540.0,Комиссия банка
829,714998334,2024-01-30,499,161,21939.048,0.0,Прочее поступление
830,714952103,2024-01-31,256,130,0.0,90.0,Комиссия банка
831,714539415,2024-01-31,483,155,0.0,72727.2,Уплата налога
832,714666166,2024-01-31,277,160,0.0,18000.0,Оплата поставщику
833,714759409,2024-01-31,280,162,0.0,9350.0,Оплата поставщику
834,714588993,2024-01-26,51,163,0.0,11845900.000000002,Оплата поставщику
835,714299069,2024-01-31,321,226,0.0,6600.000000000001,Оплата поставщику
836,714205690,2024-02-01,206,60,0.0,11132.0,Оплата поставщику
837,714327950,2024-02-01,551,175,0.0,3248.8610000000003,Уплата налога
838,714773414,2024-02-01,551,175,0.0,56.298,Уплата налога
839,714806966,2024-02-01,500,233,0.0,749871.5620000002,Перечисление заработной платы по ведомостям
840,714412498,2024-02-01,500,233,0.0,205028.219,Перечисление заработной платы по ведомостям
841,714342994,2024-02-01,607,233,0.0,1914.0000000000002,Прочее списание
842,714391030,2024-02-01,501,233,0.0,165000.0,Перечисление подотчетному лицу
843,714818580,2024-02-01,500,233,0.0,42989.716,Перечисление заработной платы по ведомостям
844,714393366,2024-02-01,333,249,0.0,1386.0,Оплата поставщику
845,714893058,2024-02-03,256,130,0.0,180.0,Комиссия банка
846,714913033,2024-01-26,491,155,8504061.115,0.0,Возврат налога
847,714062584,2024-01-26,492,155,7489930.954,0.0,Возврат налога
848,714457648,2024-01-26,495,155,7743464.157000001,0.0,Возврат налога
849,714586246,2024-01-26,493,155,5807598.016,0.0,Возврат налога
850,714844355,2024-01-26,494,155,5459579.752,0.0,Возврат налога
851,714106256,2024-01-29,52,218,0.0,10527000.000000002,Оплата поставщику
852,714787427,2024-02-03,501,233,0.0,22000.0,Перечисление подотчетному лицу
853,714319685,2024-01-29,4,234,0.0,2420000.0000000005,Оплата поставщику
854,714518894,2024-01-29,4,234,0.0,1023856.0200000001,Оплата поставщику
855,714926151,2024-02-06,167,9,0.0,5500.0,Оплата поставщику
856,714677329,2024-02-06,256,130,0.0,90.0,Комиссия банка
857,714043892,2024-02-06,606,233,0.0,683.0120000000001,Перечисление подотчетному лицу
858,714491546,2024-02-07,502,65,0.0,550.0,Уплата налога
859,714544120,2024-02-02,210,68,0.0,815776.5000000001,Оплата поставщику
860,714018944,2024-01-30,496,155,5696766.66952381,0.0,Возврат налога
861,714394705,2024-02-02,51,163,0.0,2542345.5200000005,Оплата поставщику
862,714762859,2024-02-08,287,176,0.0,6768.762000000001,Оплата поставщику
863,714398090,2024-02-03,52,218,0.0,24212.100000000002,Оплата поставщику
864,714675813,2024-02-08,501,233,0.0,3080.451,Перечисление подотчетному лицу
865,714026952,2024-02-05,221,77,0.0,602610.2500000001,Оплата поставщику
866,714442855,2024-02-05,221,77,0.0,228991.89500000005,Оплата поставщику
867,714264533,2024-02-10,286,173,0.0,22000.0,Оплата поставщику
868,714955080,2024-02-10,501,233,0.0,18150.0,Перечисление подотчетному лицу
869,714896845,2024-02-13,170,11,0.0,20240.0,Оплата поставщику
870,714268046,2024-02-13,192,42,0.0,16720.0,Оплата поставщику
871,714484987,2024-02-13,200,53,0.0,13870.879,Оплата поставщику
872,714183256,2024-02-08,458,64,0.0,2640.0,Оплата поставщику
873,714893054,2024-02-08,465,64,0.0,15840.000000000002,Оплата поставщику
874,714254431,2024-02-08,458,64,0.0,7920.000000000001,Оплата поставщику
875,714471938,2024-02-08,458,64,0.0,2640.0,Оплата поставщику
876,714030751,2024-02-08,458,64,0.0,10560.0,Оплата поставщику
877,714058220,2024-02-13,316,217,0.0,133419.0,Оплата поставщику
878,714360293,2024-02-13,317,220,0.0,778.8000000000001,Оплата поставщику
879,714623080,2024-02-11,3,2,14097247.296000002,0.0,Оплата от покупателя
880,714712713,2024-02-11,395,12,0.0,102983.10000000002,Оплата поставщику
881,714206937,2024-02-16,500,233,0.0,165082.5,Перечисление заработной платы по ведомостям
882,714493903,2024-02-16,562,233,0.0,8800.0,Перевод на другой счет организации
883,714709282,2024-02-16,500,233,0.0,553519.175,Перечисление заработной платы по ведомостям
884,714939389,2024-02-16,562,233,8800.0,0.0,Перевод с другого счета
885,714204578,2024-02-15,464,109,0.0,657800.0,Оплата поставщику
886,714968022,2024-02-20,300,194,0.0,44000.0,Оплата поставщику
887,714111339,2024-02-16,211,68,0.0,271925.5,Возврат от поставщика
888,714706748,2024-02-16,289,180,0.0,80315.345,Оплата поставщику
889,714401932,2024-02-21,501,233,0.0,2750.0,Перечисление подотчетному лицу
890,714173900,2024-02-21,336,260,0.0,16150.0,Оплата поставщику
891,714389907,2024-02-22,177,25,0.0,3300.0000000000005,Комиссия банка
892,714805179,2024-02-22,177,25,0.0,2200.0,Комиссия банка
893,714421575,2024-02-22,177,25,0.0,2200.0,Комиссия банка
894,714539557,2024-02-23,244,115,0.0,22577.4,Оплата поставщику
895,714851101,2024-02-18,297,191,0.0,318564.4,Оплата поставщику
896,714069442,2024-02-23,310,208,0.0,33000.0,Перечисление заработной платы работнику
897,714193163,2024-02-23,500,233,0.0,501940.59300000005,Перечисление заработной платы по ведомостям
898,714830449,2024-02-23,501,233,0.0,104072.32,Перечисление подотчетному лицу
899,714954150,2024-02-23,501,233,0.0,9495.53,Перечисление подотчетному лицу
900,714522375,2024-02-24,483,155,0.0,875201.34,Уплата налога
901,714895217,2024-02-24,300,194,0.0,44000.0,Оплата поставщику
902,714867091,2024-02-24,337,261,0.0,3315.5,Комиссия банка
903,714622441,2024-02-27,235,105,0.0,2200.0,Комиссия банка
904,714486788,2024-02-27,256,130,0.0,1350.0,Комиссия банка
905,714035291,2024-02-27,256,130,0.0,1350.0,Комиссия банка
906,714076737,2024-02-27,279,161,0.0,6540.0,Комиссия банка
907,714347162,2024-02-27,499,161,45987.564,0.0,Прочее поступление
908,714161171,2024-02-29,300,194,0.0,11000.0,Оплата поставщику
909,714317830,2024-02-29,500,233,0.0,599276.8650000001,Перечисление заработной платы по ведомостям
910,714683267,2024-02-29,500,233,0.0,5980.700000000001,Перечисление заработной платы работнику
911,714124439,2024-03-01,286,173,0.0,22000.0,Оплата поставщику
912,714836389,2024-03-01,288,179,0.0,2420.0,Оплата поставщику
913,714387171,2024-03-01,300,194,0.0,11000.0,Оплата поставщику
914,714081696,2024-03-01,607,233,0.0,6.6000000000000005,Прочие расчеты с контрагентами
915,714418627,2024-03-01,608,233,0.0,879.989,Перечисление подотчетному лицу
916,714537765,2024-03-01,501,233,0.0,14410.000000000002,Перечисление подотчетному лицу
917,714442249,2024-03-01,333,249,0.0,1518.0000000000002,Оплата поставщику
918,714619223,2024-03-01,336,260,0.0,2565.0,Оплата поставщику
919,714621865,2024-03-01,346,277,0.0,5700.0,Оплата поставщику
920,714140050,2024-03-02,206,60,0.0,11132.0,Оплата поставщику
921,714685336,2024-03-02,300,194,0.0,11000.0,Оплата поставщику
922,714595030,2024-03-02,300,194,0.0,2200.0,Оплата поставщику
923,714148938,2024-03-02,606,233,0.0,158.95000000000002,Перечисление подотчетному лицу
924,714043106,2024-03-05,167,9,0.0,5500.0,Оплата поставщику
925,714692778,2024-03-05,286,173,0.0,33000.0,Оплата поставщику
926,714182092,2024-03-05,501,233,0.0,52250.00000000001,Перечисление подотчетному лицу
927,714700517,2024-03-05,501,233,0.0,77000.0,Перечисление подотчетному лицу
928,714647976,2024-03-05,500,233,0.0,147987.44400000002,Перечисление заработной платы по ведомостям
929,714494034,2024-03-07,264,149,0.0,145548.0,Оплата поставщику
930,714086178,2024-03-07,483,155,0.0,129286.79999999999,Уплата налога
931,714906792,2024-03-07,316,217,0.0,133419.0,Оплата поставщику
932,714248394,2024-03-07,317,220,0.0,778.8000000000001,Оплата поставщику
933,714051661,2024-03-08,300,194,0.0,22000.0,Оплата поставщику
934,714699335,2024-03-09,191,40,0.0,151800.0,Оплата поставщику
935,714970510,2024-03-12,167,9,0.0,11000.0,Оплата поставщику
936,714535918,2024-03-12,253,126,0.0,4968.0,Оплата поставщику
937,714508024,2024-03-07,421,142,0.0,62370.00000000001,Оплата поставщику
938,714994674,2024-03-12,262,144,0.0,30000.0,Оплата поставщику
939,714258135,2024-03-12,551,175,0.0,4458.3,Уплата налога
940,714481562,2024-03-12,501,233,0.0,25300.000000000004,Перечисление подотчетному лицу
941,714131319,2024-03-12,333,249,0.0,1518.0000000000002,Оплата поставщику
942,714806149,2024-03-13,300,194,0.0,11000.0,Оплата поставщику
943,714829147,2024-03-13,501,233,0.0,132000.0,Перечисление подотчетному лицу
944,714241708,2024-03-13,501,233,0.0,33000.0,Перечисление подотчетному лицу
945,714771328,2024-03-14,165,7,0.0,18150.0,Оплата поставщику
946,714175239,2024-03-14,500,233,0.0,372253.805,Перечисление заработной платы по ведомостям
947,714442276,2024-03-14,352,285,0.0,9500.0,Оплата поставщику
948,714627532,2024-03-15,200,53,0.0,21358.634000000002,Оплата поставщику
949,714344292,2024-03-15,243,113,0.0,45000.0,Оплата поставщику
950,714285664,2024-03-15,291,182,0.0,5500.0,Оплата поставщику
951,714627457,2024-03-15,500,233,0.0,34463.990000000005,Перечисление заработной платы работнику
952,714890150,2024-03-15,500,233,0.0,31535.218000000004,Перечисление заработной платы работнику
953,714090445,2024-03-15,500,233,0.0,343142.40400000004,Перечисление заработной платы по ведомостям
954,714638476,2024-03-15,500,233,0.0,23925.000000000004,Перечисление заработной платы работнику
955,714462275,2024-03-11,402,109,0.0,611163.9050000001,Оплата поставщику
956,714853487,2024-03-16,279,161,0.0,560.8439999999999,Комиссия банка
957,714873466,2024-03-16,501,233,0.0,170500.0,Перечисление подотчетному лицу
958,714539211,2024-03-11,472,87,5162.85,0.0,Возврат от поставщика
959,714973636,2024-03-19,292,183,0.0,39732.0,Оплата поставщику
960,714179915,2024-03-20,202,57,0.0,147708.0,Оплата поставщику
961,714420944,2024-03-20,232,99,0.0,2779.348,Оплата поставщику
962,714419212,2024-03-20,483,155,0.0,2369360.784,Уплата налога
963,714538154,2024-03-22,166,8,0.0,8613.0,Оплата поставщику
964,714810903,2024-03-14,60,16,0.0,9827136.0,Оплата поставщику
965,714116670,2024-03-22,279,161,0.0,186.6,Комиссия банка
966,714749123,2024-03-22,501,233,0.0,17105.0,Перечисление подотчетному лицу
967,714243876,2024-03-22,333,249,0.0,1518.0000000000002,Оплата поставщику
968,714345312,2024-03-23,279,161,0.0,290.4,Комиссия банка
969,714913609,2024-03-23,291,182,0.0,27500.000000000004,Оплата поставщику
970,714057420,2024-03-23,501,233,0.0,26620.000000000004,Перечисление подотчетному лицу
971,714947698,2024-03-19,394,12,0.0,202082.10000000003,Оплата поставщику
972,714697459,2024-03-18,497,155,6266443.336476192,0.0,Возврат налога
973,714200552,2024-03-26,337,261,0.0,3315.5,Комиссия банка
974,714324212,2024-03-19,180,27,0.0,92610.16600000001,Оплата поставщику
975,714603295,2024-03-27,206,60,0.0,11132.0,Оплата поставщику
976,714598754,2024-03-27,243,113,0.0,45000.0,Оплата поставщику
977,714568312,2024-03-27,256,130,0.0,1350.0,Комиссия банка
978,714887202,2024-03-27,256,130,0.0,1350.0,Комиссия банка
979,714134285,2024-03-27,483,155,0.0,1060800.0,Уплата налога
980,714466800,2024-03-27,279,161,0.0,6540.0,Комиссия банка
981,714935704,2024-03-27,499,161,56842.57199999999,0.0,Прочее поступление
982,714216560,2024-03-27,280,162,0.0,2750.0,Оплата поставщику
983,714221547,2024-03-27,551,175,0.0,3693.8,Уплата налога
984,714127018,2024-03-27,287,176,0.0,5428.192000000001,Оплата поставщику
985,714282695,2024-03-27,292,183,0.0,154000.0,Оплата поставщику
986,714333280,2024-03-27,317,220,0.0,620.4000000000001,Оплата поставщику
987,714433152,2024-03-27,324,231,0.0,5170.0,Оплата поставщику
988,714166527,2024-03-27,500,233,0.0,975.7,Перечисление подотчетному лицу
989,714242883,2024-03-27,500,233,0.0,465679.43400000007,Перечисление заработной платы по ведомостям
990,714383982,2024-03-27,501,233,0.0,5012.392000000001,Перечисление подотчетному лицу
991,714186610,2024-03-27,501,233,0.0,11770.000000000002,Перечисление подотчетному лицу
992,714614654,2024-03-27,500,233,0.0,61098.45500000001,Перечисление заработной платы работнику
993,714511341,2024-03-27,500,233,0.0,86722.95500000002,Перечисление заработной платы работнику
994,714431630,2024-03-27,346,277,0.0,5700.0,Оплата поставщику
995,714334840,2024-03-23,439,50,0.0,891316.8000000002,Оплата поставщику
996,714518324,2024-03-29,213,70,0.0,4180.0,Оплата поставщику
997,714166994,2024-03-29,232,99,0.0,1234.3760000000002,Оплата поставщику
998,714434648,2024-03-24,59,112,0.0,264000.00000000006,Оплата поставщику
999,714898444,2024-03-29,301,195,0.0,52529.312000000005,Оплата поставщику
1000,714633924,2024-03-29,314,215,0.0,104500.00000000001,Оплата поставщику
1001,714459850,2024-03-30,223,78,0.0,29177.500000000004,Оплата поставщику
1002,714538548,2024-03-25,59,112,0.0,13200000.000000002,Оплата поставщику
1003,714883195,2024-03-30,501,233,0.0,132000.0,Перечисление подотчетному лицу
1004,714087889,2024-03-30,501,233,0.0,33000.0,Перечисление подотчетному лицу
1005,714962438,2024-04-02,501,233,0.0,12690.7,Перечисление подотчетному лицу
1006,714869000,2024-04-02,500,233,0.0,25836.481,Перечисление заработной платы по ведомостям
1007,714669514,2024-04-02,501,233,0.0,53309.3,Перечисление подотчетному лицу
1008,714818223,2024-04-03,292,183,0.0,154000.0,Оплата поставщику
1009,714870618,2024-04-03,501,233,0.0,33000.0,Перечисление подотчетному лицу
1010,714624617,2024-04-03,500,233,0.0,88000.0,Перечисление заработной платы работнику
1011,714564753,2024-04-03,501,233,0.0,2200.0,Перечисление подотчетному лицу
1012,714035150,2024-04-03,606,233,0.0,11000.0,Перечисление подотчетному лицу
1013,714453780,2024-04-03,501,233,0.0,2000.9,Перечисление подотчетному лицу
1014,714355965,2024-04-04,165,7,0.0,13200.000000000002,Оплата поставщику
1015,714146434,2024-04-04,279,161,0.0,177.108,Комиссия банка
1016,714243072,2024-04-04,279,161,0.0,1800.0,Комиссия банка
1017,714131078,2024-04-04,291,182,0.0,33000.0,Оплата поставщику
1018,714225781,2024-04-04,501,233,0.0,34430.0,Перечисление подотчетному лицу
1019,714319099,2024-04-04,501,233,0.0,165000.0,Перечисление подотчетному лицу
1020,714758439,2024-04-06,165,7,0.0,13200.000000000002,Оплата поставщику
1021,714382996,2024-04-06,192,42,0.0,16720.0,Оплата поставщику
1022,714397848,2024-04-06,224,79,0.0,142499.5,Оплата поставщику
1023,714831544,2024-04-06,244,115,0.0,22577.4,Оплата поставщику
1024,714349767,2024-04-06,279,161,0.0,120.0,Комиссия банка
1025,714845140,2024-04-06,279,161,0.0,120.0,Комиссия банка
1026,714037985,2024-04-06,287,176,0.0,66478.214,Оплата поставщику
1027,714395184,2024-04-06,321,226,0.0,6600.000000000001,Оплата поставщику
1028,714637906,2024-04-06,321,226,0.0,6600.000000000001,Оплата поставщику
1029,714934587,2024-04-06,606,233,0.0,2200.0,Перечисление подотчетному лицу
1030,714667499,2024-04-06,501,233,0.0,1320.0,Перечисление подотчетному лицу
1031,714117750,2024-04-05,435,36,0.0,50622.272,Оплата поставщику
1032,714324359,2024-04-10,207,61,0.0,11726.000000000002,Оплата поставщику
1033,714422466,2024-04-02,456,64,0.0,2640.0,Оплата поставщику
1034,714711775,2024-04-10,279,161,0.0,120.0,Комиссия банка
1035,714816635,2024-04-10,551,175,0.0,3694.6580000000004,Уплата налога
1036,714330964,2024-04-10,287,176,0.0,11904.068,Оплата поставщику
1037,714820649,2024-04-10,501,233,0.0,4400.0,Перечисление подотчетному лицу
1038,714160572,2024-04-10,333,249,0.0,1518.0000000000002,Оплата поставщику
1039,714034013,2024-04-10,352,285,0.0,14250.0,Оплата поставщику
1040,714786060,2024-04-11,167,9,0.0,16500.0,Оплата поставщику
1041,714078583,2024-04-11,279,161,0.0,857.82,Комиссия банка
1042,714391411,2024-04-11,279,161,0.0,652.5,Комиссия банка
1043,714885173,2024-04-11,279,161,0.0,436.584,Комиссия банка
1044,714244531,2024-04-11,279,161,0.0,720.0,Комиссия банка
1045,714146294,2024-04-11,279,161,0.0,302.76,Комиссия банка
1046,714944543,2024-04-11,279,161,0.0,918.696,Комиссия банка
1047,714123027,2024-04-11,279,161,0.0,671.8679999999999,Комиссия банка
1048,714700525,2024-04-11,310,208,0.0,27753.000000000004,Перечисление заработной платы работнику
1049,714557752,2024-04-11,500,233,0.0,336272.805,Перечисление заработной платы по ведомостям
1050,714353125,2024-04-11,500,233,0.0,78633.45600000002,Перечисление заработной платы работнику
1051,714962635,2024-04-11,500,233,0.0,59812.50000000001,Перечисление заработной платы работнику
1052,714541182,2024-04-11,500,233,0.0,40020.398,Перечисление заработной платы работнику
1053,714793593,2024-04-11,501,233,0.0,66000.0,Перечисление подотчетному лицу
1054,714122645,2024-04-11,500,233,0.0,84213.63500000001,Перечисление заработной платы работнику
1055,714087207,2024-04-11,501,233,0.0,33000.0,Перечисление подотчетному лицу
1056,714150411,2024-04-12,235,105,0.0,18333.337,Комиссия банка
1057,714270484,2024-04-12,235,105,0.0,91666.66300000002,Комиссия банка
1058,714004384,2024-04-08,176,24,0.0,2200000.0000000005,Оплата поставщику
1059,714533896,2024-04-13,235,105,0.0,220.00000000000003,Комиссия банка
1060,714185115,2024-04-13,235,105,0.0,2200.0,Комиссия банка
1061,714832488,2024-04-08,59,112,0.0,41816720.00000001,Оплата поставщику
1062,714536583,2024-04-13,279,161,0.0,578.4,Комиссия банка
1063,714236079,2024-04-13,291,182,0.0,22000.0,Оплата поставщику
1064,714010898,2024-04-13,299,193,0.0,3643.2000000000003,Оплата поставщику
1065,714063937,2024-04-13,501,233,0.0,26510.000000000004,Перечисление подотчетному лицу
1066,714805904,2024-04-13,562,233,0.0,16500.0,Перевод на другой счет организации
1067,714608241,2024-04-13,562,233,16500.0,0.0,Перевод с другого счета
1068,714636053,2024-04-10,555,191,0.0,101593.8,Оплата поставщику
1069,714905893,2024-04-16,184,32,0.0,162360.0,Оплата поставщику
1070,714515693,2024-04-16,498,159,0.0,9000.0,Уплата налога
1071,714177000,2024-04-16,324,231,0.0,6600.000000000001,Оплата поставщику
1072,714383326,2024-04-12,176,24,0.0,2200000.0000000005,Оплата поставщику
1073,714527929,2024-04-09,180,27,0.0,25300.000000000004,Оплата поставщику
1074,714624404,2024-04-12,430,27,0.0,465948.0,Оплата поставщику
1075,714695050,2024-04-12,473,87,0.0,1056000.0,Оплата поставщику
1076,714696872,2024-04-17,235,105,0.0,66.0,Комиссия банка
1077,714297886,2024-04-17,235,105,0.0,66.0,Комиссия банка
1078,714827046,2024-04-17,235,105,0.0,66.0,Комиссия банка
1079,714990515,2024-04-17,235,105,0.0,66.0,Комиссия банка
1080,714453038,2024-04-12,555,191,0.0,74031.48500000002,Оплата поставщику
1081,714840609,2024-04-12,582,250,0.0,4909480.749274118,Прочее списание
1082,714272895,2024-04-18,200,53,0.0,16142.082000000002,Оплата поставщику
1083,714984731,2024-04-18,200,53,0.0,16153.500000000002,Оплата поставщику
1084,714733500,2024-04-18,235,105,0.0,66.0,Комиссия банка
1085,714735963,2024-04-18,235,105,0.0,66.0,Комиссия банка
1086,714142537,2024-04-18,235,105,0.0,66.0,Комиссия банка
1087,714926998,2024-04-18,235,105,0.0,66.0,Комиссия банка
1088,714741122,2024-04-18,235,105,0.0,66.0,Комиссия банка
1089,714266643,2024-04-18,235,105,0.0,66.0,Комиссия банка
1090,714104984,2024-04-18,235,105,0.0,66.0,Комиссия банка
1091,714653577,2024-04-18,235,105,0.0,2956.2500000000005,Комиссия банка
1092,714981793,2024-04-18,235,105,0.0,14781.250000000002,Комиссия банка
1093,714819350,2024-04-18,418,117,0.0,108.0,Комиссия банка
1094,714951142,2024-04-18,418,117,0.0,216.0,Комиссия банка
1095,714260545,2024-04-18,418,117,0.0,1080.0,Комиссия банка
1096,714181810,2024-04-18,264,149,0.0,145548.0,Оплата поставщику
1097,714583497,2024-04-13,555,191,0.0,796234.307,Оплата поставщику
1098,714191468,2024-04-18,316,217,0.0,133419.0,Оплата поставщику
1099,714308001,2024-04-18,501,233,0.0,16500.0,Перечисление подотчетному лицу
1100,714211222,2024-04-20,235,105,0.0,66.0,Комиссия банка
1101,714677115,2024-04-20,235,105,0.0,66.0,Комиссия банка
1102,714042157,2024-04-20,235,105,0.0,66.0,Комиссия банка
1103,714238108,2024-04-20,235,105,0.0,66.0,Комиссия банка
1104,714284420,2024-04-20,235,105,0.0,66.0,Комиссия банка
1105,714741897,2024-04-20,498,159,0.0,9000.0,Уплата налога
1106,714719059,2024-04-20,277,160,0.0,12000.0,Оплата поставщику
1107,714944553,2024-04-20,291,182,0.0,16500.0,Оплата поставщику
1108,714294843,2024-04-20,606,233,0.0,660.0,Перечисление подотчетному лицу
1109,714717698,2024-04-20,562,233,0.0,11000.0,Перевод на другой счет организации
1110,714039319,2024-04-20,501,233,0.0,26510.000000000004,Перечисление подотчетному лицу
1111,714109487,2024-04-20,562,233,11000.0,0.0,Перевод с другого счета
1112,714673167,2024-04-23,206,60,0.0,11132.0,Оплата поставщику
1113,714768565,2024-04-23,235,105,0.0,66.0,Комиссия банка
1114,714028092,2024-04-23,235,105,0.0,66.0,Комиссия банка
1115,714615680,2024-04-23,235,105,0.0,66.0,Комиссия банка
1116,714645059,2024-04-18,59,112,0.0,32031.568800000005,Оплата поставщику
1117,714677345,2024-04-18,59,112,0.0,840227.5200000001,Оплата поставщику
1118,714880342,2024-04-23,483,155,0.0,919714.1519999999,Уплата налога
1119,714782196,2024-04-23,327,237,0.0,8800.0,Оплата поставщику
1120,714061544,2024-04-19,176,24,0.0,1760000.0000000002,Оплата поставщику
1121,714298413,2024-04-24,235,105,0.0,66.0,Комиссия банка
1122,714557474,2024-04-24,235,105,0.0,66.0,Комиссия банка
1123,714556598,2024-04-24,235,105,0.0,66.0,Комиссия банка
1124,714559791,2024-04-24,501,233,0.0,8690.0,Перечисление подотчетному лицу
1125,714564798,2024-04-24,501,233,0.0,15400.000000000002,Перечисление подотчетному лицу
1126,714265273,2024-04-25,165,7,0.0,13200.000000000002,Оплата поставщику
1127,714830616,2024-04-25,235,105,0.0,66.0,Комиссия банка
1128,714450076,2024-04-25,235,105,0.0,66.0,Комиссия банка
1129,714212277,2024-04-25,235,105,0.0,66.0,Комиссия банка
1130,714378244,2024-04-25,235,105,0.0,66.0,Комиссия банка
1131,714365724,2024-04-25,235,105,0.0,66.0,Комиссия банка
1132,714688492,2024-04-25,235,105,0.0,66.0,Комиссия банка
1133,714340447,2024-04-25,235,105,0.0,66.0,Комиссия банка
1134,714360107,2024-04-25,235,105,0.0,66.0,Комиссия банка
1135,714709864,2024-04-25,235,105,0.0,66.0,Комиссия банка
1136,714193447,2024-04-25,235,105,0.0,66.0,Комиссия банка
1137,714903293,2024-04-25,243,113,0.0,45000.0,Оплата поставщику
1138,714120375,2024-04-25,244,115,0.0,22577.4,Оплата поставщику
1139,714390126,2024-04-25,310,208,0.0,27753.000000000004,Перечисление заработной платы работнику
1140,714830539,2024-04-25,500,233,0.0,528374.9240000001,Перечисление заработной платы по ведомостям
1141,714029764,2024-04-25,501,233,0.0,1364.0,Перечисление подотчетному лицу
1142,714305418,2024-04-25,500,233,0.0,59812.698000000004,Перечисление заработной платы работнику
1143,714761501,2024-04-25,500,233,0.0,140732.603,Перечисление заработной платы работнику
1144,714382171,2024-04-25,337,261,0.0,3315.5,Комиссия банка
1145,714347603,2024-04-20,343,272,0.0,840.0,Оплата поставщику
1146,714616387,2024-04-20,343,272,0.0,16800.0,Оплата поставщику
1147,714961783,2024-04-20,343,272,0.0,16800.0,Оплата поставщику
1148,714174028,2024-04-21,555,191,0.0,224835.6,Оплата поставщику
1149,714719706,2024-04-21,555,191,0.0,438550.31,Оплата поставщику
1150,714037117,2024-04-25,473,87,0.0,147634.80000000002,Оплата поставщику
1151,714922419,2024-04-30,235,105,0.0,66.0,Комиссия банка
1152,714818642,2024-04-30,235,105,0.0,66.0,Комиссия банка
1153,714383033,2024-04-30,235,105,0.0,66.0,Комиссия банка
1154,714896591,2024-04-30,235,105,0.0,66.0,Комиссия банка
1155,714581986,2024-04-30,235,105,0.0,66.0,Комиссия банка
1156,714368287,2024-04-30,235,105,0.0,66.0,Комиссия банка
1157,714906955,2024-04-30,235,105,0.0,66.0,Комиссия банка
1158,714991983,2024-04-30,235,105,0.0,66.0,Комиссия банка
1159,714276009,2024-04-30,235,105,0.0,66.0,Комиссия банка
1160,714310382,2024-04-30,235,105,0.0,2200.0,Комиссия банка
1161,714116275,2024-04-30,256,130,0.0,1350.0,Комиссия банка
1162,714198659,2024-04-30,256,130,0.0,1350.0,Комиссия банка
1163,714665288,2024-04-30,483,155,0.0,480.0,Прочее списание
1164,714761880,2024-04-30,483,155,0.0,208332.0,Уплата налога
1165,714334921,2024-04-30,277,160,0.0,19464.0,Оплата поставщику
1166,714599680,2024-04-30,279,161,0.0,6540.0,Комиссия банка
1167,714527073,2024-04-30,499,161,20599.068,0.0,Прочее поступление
1168,714563614,2024-04-30,291,182,0.0,11000.0,Оплата поставщику
1169,714724310,2024-04-30,292,183,0.0,154000.0,Оплата поставщику
1170,714132476,2024-04-30,317,220,0.0,778.8000000000001,Оплата поставщику
1171,714831230,2024-04-30,321,226,0.0,6600.000000000001,Оплата поставщику
1172,714608545,2024-04-30,606,233,0.0,333.3,Перечисление подотчетному лицу
1173,714080552,2024-04-30,501,233,0.0,4898.102,Перечисление подотчетному лицу
1174,714279755,2024-04-30,333,249,0.0,1518.0000000000002,Оплата поставщику
1175,714828826,2024-04-26,176,24,0.0,1760000.0000000002,Оплата поставщику
1176,714312090,2024-04-26,435,36,0.0,370951.544,Оплата поставщику
1177,714866719,2024-04-23,456,64,0.0,32437.823000000004,Оплата поставщику
1178,714554646,2024-05-01,235,105,0.0,66.0,Комиссия банка
1179,714842037,2024-05-01,235,105,0.0,66.0,Комиссия банка
1180,714535472,2024-05-01,235,105,0.0,66.0,Комиссия банка
1181,714399881,2024-05-01,235,105,0.0,66.0,Комиссия банка
1182,714572056,2024-05-01,292,183,0.0,18026.052,Оплата поставщику
1183,714066909,2024-05-08,200,53,8.668000000000001,0.0,Возврат от поставщика
1184,714973478,2024-05-08,235,105,0.0,66.0,Комиссия банка
1185,714274650,2024-05-08,235,105,0.0,66.0,Комиссия банка
1186,714739047,2024-05-08,235,105,0.0,66.0,Комиссия банка
1187,714063782,2024-05-08,235,105,0.0,66.0,Комиссия банка
1188,714136299,2024-05-08,235,105,0.0,66.0,Комиссия банка
1189,714586356,2024-05-08,551,175,0.0,568.7,Уплата налога
1190,714343889,2024-05-08,325,232,0.0,462000.00000000006,Оплата поставщику
1191,714900662,2024-05-08,606,233,0.0,598.224,Перечисление подотчетному лицу
1192,714780503,2024-05-08,501,233,0.0,2420.0,Перечисление подотчетному лицу
1193,714285015,2024-05-08,350,283,0.0,13680.0,Оплата поставщику
1194,714003849,2024-05-08,351,284,0.0,22800.0,Оплата поставщику
1195,714424975,2024-05-04,6,2,39664797.92,0.0,Оплата от покупателя
1196,714407512,2024-05-09,167,9,0.0,16500.0,Оплата поставщику
1197,714024866,2024-05-09,235,105,0.0,66.0,Комиссия банка
1198,714089991,2024-05-09,235,105,0.0,66.0,Комиссия банка
1199,714714930,2024-05-09,235,105,0.0,4460.5,Комиссия банка
1200,714243425,2024-05-09,235,105,0.0,22302.5,Комиссия банка
1201,714963747,2024-05-09,501,233,0.0,8800.0,Перечисление подотчетному лицу
1202,714685178,2024-05-09,501,233,0.0,11000.0,Перечисление подотчетному лицу
1203,714882620,2024-05-09,501,233,0.0,7700.000000000001,Перечисление подотчетному лицу
1204,714239972,2024-05-09,562,233,0.0,1100000.0,Перевод на другой счет организации
1205,714406823,2024-05-09,562,233,1100000.0,0.0,Перевод с другого счета
1206,714177214,2024-05-10,235,105,0.0,66.0,Комиссия банка
1207,714758269,2024-05-10,235,105,0.0,66.0,Комиссия банка
1208,714611585,2024-05-10,235,105,0.0,66.0,Комиссия банка
1209,714641603,2024-05-10,235,105,0.0,66.0,Комиссия банка
1210,714362082,2024-05-10,235,105,0.0,916.6630000000001,Комиссия банка
1211,714551837,2024-05-10,235,105,0.0,4583.337,Комиссия банка
1212,714945366,2024-05-10,500,233,0.0,341062.90900000004,Перечисление заработной платы по ведомостям
1213,714626171,2024-05-10,501,233,0.0,52800.00000000001,Перечисление подотчетному лицу
1214,714481778,2024-05-10,500,233,0.0,54761.54200000001,Перечисление заработной платы работнику
1215,714404296,2024-05-10,500,233,0.0,64384.958000000006,Перечисление заработной платы работнику
1216,714302506,2024-05-10,500,233,0.0,69767.07100000001,Перечисление заработной платы работнику
1217,714788918,2024-05-11,175,20,0.0,739.2,Оплата поставщику
1218,714248996,2024-05-11,235,105,0.0,66.0,Комиссия банка
1219,714045874,2024-05-11,235,105,0.0,66.0,Комиссия банка
1220,714579319,2024-05-11,235,105,0.0,66.0,Комиссия банка
1221,714202313,2024-05-11,235,105,0.0,66.0,Комиссия банка
1222,714348550,2024-05-11,235,105,0.0,66.0,Комиссия банка
1223,714419289,2024-05-11,235,105,0.0,66.0,Комиссия банка
1224,714400682,2024-05-11,287,176,0.0,18482.068000000003,Оплата поставщику
1225,714007859,2024-05-11,291,182,0.0,11000.0,Оплата поставщику
1226,714764154,2024-05-11,292,183,0.0,15400.000000000002,Оплата поставщику
1227,714545864,2024-05-11,501,233,0.0,63250.00000000001,Перечисление подотчетному лицу
1228,714834134,2024-05-03,593,272,0.0,20790.0,Оплата поставщику
1229,714803468,2024-05-15,167,9,0.0,16500.0,Оплата поставщику
1230,714698527,2024-05-10,430,27,0.0,235009.27200000003,Оплата поставщику
1231,714746043,2024-05-10,228,84,0.0,1347813.0710000002,Оплата поставщику
1232,714075282,2024-05-15,235,105,0.0,66.0,Комиссия банка
1233,714807933,2024-05-15,235,105,0.0,66.0,Комиссия банка
1234,714157327,2024-05-15,235,105,0.0,66.0,Комиссия банка
1235,714120056,2024-05-15,235,105,0.0,66.0,Комиссия банка
1236,714483265,2024-05-15,235,105,0.0,66.0,Комиссия банка
1237,714234357,2024-05-15,235,105,0.0,66.0,Комиссия банка
1238,714225326,2024-05-15,235,105,0.0,66.0,Комиссия банка
1239,714642072,2024-05-15,551,175,0.0,5.5,Уплата налога
1240,714114218,2024-05-15,293,184,0.0,12925.000000000002,Оплата поставщику
1241,714846385,2024-05-15,294,187,0.0,158400.0,Оплата поставщику
1242,714097539,2024-05-15,317,220,0.0,778.8000000000001,Оплата поставщику
1243,714070591,2024-05-15,501,233,0.0,40700.0,Перечисление подотчетному лицу
1244,714781797,2024-05-16,206,60,371.074,0.0,Возврат от поставщика
1245,714719146,2024-05-17,235,105,0.0,66.0,Комиссия банка
1246,714383152,2024-05-17,235,105,0.0,66.0,Комиссия банка
1247,714788539,2024-05-17,235,105,0.0,66.0,Комиссия банка
1248,714812626,2024-05-17,235,105,0.0,66.0,Комиссия банка
1249,714915721,2024-05-17,277,160,0.0,12000.0,Оплата поставщику
1250,714385192,2024-05-17,280,162,0.0,1870.0000000000002,Оплата поставщику
1251,714026336,2024-05-17,310,208,0.0,47575.00000000001,Оплата поставщику
1252,714289473,2024-05-17,500,233,0.0,44000.0,Перечисление заработной платы работнику
1253,714096516,2024-05-16,176,24,0.0,2203824.8496000003,Оплата поставщику
1254,714904687,2024-05-21,235,105,0.0,66.0,Комиссия банка
1255,714366459,2024-05-21,235,105,0.0,66.0,Комиссия банка
1256,714902805,2024-05-21,235,105,0.0,66.0,Комиссия банка
1257,714636643,2024-05-21,235,105,0.0,66.0,Комиссия банка
1258,714148878,2024-05-21,235,105,0.0,66.0,Комиссия банка
1259,714115503,2024-05-21,235,105,0.0,66.0,Комиссия банка
1260,714550717,2024-05-21,235,105,0.0,66.0,Комиссия банка
1261,714261470,2024-05-21,235,105,0.0,66.0,Комиссия банка
1262,714138317,2024-05-21,288,179,0.0,2750.0,Оплата поставщику
1263,714362091,2024-05-21,291,182,0.0,5500.0,Оплата поставщику
1264,714412583,2024-05-21,325,232,0.0,115500.00000000001,Оплата поставщику
1265,714592220,2024-05-21,333,249,0.0,1518.0000000000002,Оплата поставщику
1266,714003282,2024-05-13,593,272,0.0,20790.0,Оплата поставщику
1267,714047002,2024-05-21,346,277,0.0,5700.0,Оплата поставщику
1268,714173265,2024-05-21,352,285,0.0,9500.0,Оплата поставщику
1269,714579073,2024-05-22,223,78,0.0,16060.000000000002,Оплата поставщику
1270,714100584,2024-05-22,235,105,0.0,66.0,Комиссия банка
1271,714082374,2024-05-22,235,105,0.0,66.0,Комиссия банка
1272,714755254,2024-05-22,235,105,0.0,66.0,Комиссия банка
1273,714652322,2024-05-22,235,105,0.0,66.0,Комиссия банка
1274,714950940,2024-05-22,235,105,0.0,66.0,Комиссия банка
1275,714770892,2024-05-22,235,105,0.0,66.0,Комиссия банка
1276,714717492,2024-05-22,235,105,0.0,66.0,Комиссия банка
1277,714328655,2024-05-22,236,107,0.0,5130.0,Оплата поставщику
1278,714178585,2024-05-22,483,155,0.0,833859.9,Уплата налога
1279,714312728,2024-05-22,317,220,0.0,726.0000000000001,Оплата поставщику
1280,714752284,2024-05-22,606,233,0.0,118.25000000000001,Перечисление подотчетному лицу
1281,714384623,2024-05-22,501,233,0.0,27610.000000000004,Перечисление подотчетному лицу
1282,714508065,2024-05-22,501,233,0.0,28600.000000000004,Перечисление подотчетному лицу
1283,714459347,2024-05-22,501,233,0.0,30360.000000000004,Перечисление подотчетному лицу
1284,714512426,2024-05-23,182,31,0.0,347886.0,Оплата поставщику
1285,714844616,2024-05-23,202,57,0.0,145200.0,Оплата поставщику
1286,714547374,2024-05-23,235,105,0.0,66.0,Комиссия банка
1287,714988950,2024-05-23,235,105,0.0,66.0,Комиссия банка
1288,714031004,2024-05-23,235,105,0.0,66.0,Комиссия банка
1289,714592025,2024-05-23,235,105,0.0,66.0,Комиссия банка
1290,714426370,2024-05-23,277,160,0.0,12000.0,Оплата поставщику
1291,714060754,2024-05-23,277,160,0.0,24240.0,Оплата поставщику
1292,714753511,2024-05-25,235,105,0.0,66.0,Комиссия банка
1293,714598436,2024-05-25,235,105,0.0,66.0,Комиссия банка
1294,714866555,2024-05-25,235,105,0.0,66.0,Комиссия банка
1295,714267568,2024-05-25,235,105,0.0,66.0,Комиссия банка
1296,714812666,2024-05-25,235,105,0.0,66.0,Комиссия банка
1297,714979692,2024-05-25,235,105,0.0,66.0,Комиссия банка
1298,714002155,2024-05-25,500,233,0.0,603411.545,Перечисление заработной платы по ведомостям
1299,714358191,2024-05-25,501,233,0.0,22000.0,Перечисление подотчетному лицу
1300,714600288,2024-05-25,500,233,0.0,37445.386000000006,Перечисление заработной платы работнику
1301,714136180,2024-05-25,500,233,0.0,93335.044,Перечисление заработной платы работнику
1302,714347399,2024-05-25,500,233,0.0,93741.186,Перечисление заработной платы работнику
1303,714427801,2024-05-25,500,233,0.0,111563.012,Перечисление заработной платы работнику
1304,714296184,2024-05-25,337,261,0.0,3315.5,Комиссия банка
1305,714542416,2024-05-25,341,267,0.0,11400.0,Оплата поставщику
1306,714772284,2024-05-28,235,105,0.0,2200.0,Комиссия банка
1307,714855124,2024-05-28,256,130,0.0,1350.0,Комиссия банка
1308,714951204,2024-05-28,256,130,0.0,1350.0,Комиссия банка
1309,714923544,2024-05-28,279,161,0.0,7140.0,Комиссия банка
1310,714498755,2024-05-28,499,161,5552.9039999999995,0.0,Прочее поступление
1311,714395964,2024-05-31,232,99,0.0,3410.0000000000005,Оплата поставщику
1312,714573405,2024-05-31,235,105,0.0,66.0,Комиссия банка
1313,714665362,2024-05-31,235,105,0.0,66.0,Комиссия банка
1314,714610861,2024-05-31,235,105,0.0,66.0,Комиссия банка
1315,714959158,2024-05-31,235,105,0.0,66.0,Комиссия банка
1316,714436843,2024-05-31,235,105,0.0,66.0,Комиссия банка
1317,714592434,2024-05-31,235,105,0.0,66.0,Комиссия банка
1318,714365461,2024-05-31,235,105,0.0,66.0,Комиссия банка
1319,714540671,2024-05-31,243,113,0.0,45000.0,Оплата поставщику
1320,714278128,2024-05-31,483,155,0.0,146124.0,Уплата налога
1321,714828307,2024-05-31,551,175,0.0,1100.0,Уплата налога
1322,714763999,2024-05-31,287,176,0.0,7403.671,Оплата поставщику
1323,714431896,2024-05-31,292,183,0.0,154000.0,Оплата поставщику
1324,714923314,2024-05-31,321,226,0.0,6600.000000000001,Оплата поставщику
1325,714506603,2024-05-31,500,233,0.0,1.9140000000000001,Перечисление заработной платы работнику
1326,714234955,2024-05-31,346,277,0.0,5700.0,Оплата поставщику
1327,714991520,2024-06-01,235,105,0.0,66.0,Комиссия банка
1328,714060124,2024-06-01,292,183,0.0,13475.176000000001,Оплата поставщику
1329,714521665,2024-06-01,500,233,0.0,33832.711,Перечисление заработной платы по ведомостям
1330,714038613,2024-06-05,175,20,0.0,739.2,Оплата поставщику
1331,714608194,2024-05-28,436,36,0.0,14247.167000000001,Оплата поставщику
1332,714988816,2024-05-28,436,36,0.0,31084.735,Оплата поставщику
1333,714940281,2024-06-05,196,49,0.0,38720.0,Оплата поставщику
1334,714100983,2024-06-05,471,84,0.0,18636.2,Оплата поставщику
1335,714847664,2024-05-28,233,101,0.0,52602.00000000001,Оплата поставщику
1336,714202144,2024-06-05,235,105,0.0,66.0,Комиссия банка
1337,714217020,2024-06-05,235,105,0.0,66.0,Комиссия банка
1338,714862488,2024-06-05,235,105,0.0,66.0,Комиссия банка
1339,714429426,2024-06-05,235,105,0.0,66.0,Комиссия банка
1340,714011637,2024-06-05,235,105,0.0,66.0,Комиссия банка
1341,714173279,2024-06-05,235,105,0.0,66.0,Комиссия банка
1342,714361634,2024-06-05,235,105,0.0,66.0,Комиссия банка
1343,714910041,2024-06-05,235,105,0.0,66.0,Комиссия банка
1344,714746943,2024-06-05,291,182,0.0,11000.0,Оплата поставщику
1345,714057897,2024-06-05,317,220,0.0,567.6,Оплата поставщику
1346,714746716,2024-06-05,500,233,0.0,17464.216,Перечисление заработной платы по ведомостям
1347,714885730,2024-06-06,235,105,0.0,66.0,Комиссия банка
1348,714131680,2024-06-06,235,105,0.0,66.0,Комиссия банка
1349,714914791,2024-06-06,235,105,0.0,66.0,Комиссия банка
1350,714161237,2024-06-06,235,105,0.0,66.0,Комиссия банка
1351,714380431,2024-06-06,256,130,0.0,1350.0,Комиссия банка
1352,714064744,2024-06-06,257,131,0.0,14400.0,Оплата поставщику
1353,714383690,2024-06-06,551,175,0.0,4522.1,Уплата налога
1354,714010039,2024-06-06,500,233,0.0,371216.70300000004,Перечисление заработной платы по ведомостям
1355,714867537,2024-06-06,606,233,0.0,3300.0000000000005,Перечисление подотчетному лицу
1356,714925014,2024-06-06,500,233,0.0,50368.53800000001,Перечисление заработной платы работнику
1357,714257640,2024-06-06,500,233,0.0,69709.32100000001,Перечисление заработной платы работнику
1358,714718088,2024-06-06,500,233,0.0,79355.15500000001,Перечисление заработной платы работнику
1359,714274143,2024-06-11,165,7,0.0,12100.000000000002,Оплата поставщику
1360,714968356,2024-06-11,207,61,0.0,27500.000000000004,Оплата поставщику
1361,714551948,2024-06-11,235,105,0.0,66.0,Комиссия банка
1362,714903093,2024-06-11,235,105,0.0,66.0,Комиссия банка
1363,714445345,2024-06-11,235,105,0.0,66.0,Комиссия банка
1364,714502275,2024-06-11,235,105,0.0,66.0,Комиссия банка
1365,714602344,2024-06-11,235,105,0.0,66.0,Комиссия банка
1366,714344768,2024-06-11,235,105,0.0,66.0,Комиссия банка
1367,714006656,2024-06-11,235,105,0.0,66.0,Комиссия банка
1368,714085701,2024-06-11,235,105,0.0,66.0,Комиссия банка
1369,714464289,2024-06-11,235,105,0.0,183.337,Комиссия банка
1370,714721123,2024-06-11,235,105,0.0,916.6630000000001,Комиссия банка
1371,714747193,2024-06-11,249,122,0.0,450.0,Оплата поставщику
1372,714876780,2024-06-11,249,122,0.0,5220.0,Оплата поставщику
1373,714517979,2024-06-11,256,130,0.0,270.0,Комиссия банка
1374,714611355,2024-06-11,256,130,0.0,270.0,Комиссия банка
1375,714091147,2024-06-11,256,130,0.0,270.0,Комиссия банка
1376,714289327,2024-06-11,501,233,0.0,10945.0,Перечисление подотчетному лицу
1377,714148209,2024-06-11,606,233,0.0,11000.0,Перечисление подотчетному лицу
1378,714818677,2024-06-11,606,233,0.0,11000.0,Перечисление подотчетному лицу
1379,714832699,2024-06-11,501,233,0.0,13200.000000000002,Перечисление подотчетному лицу
1380,714707890,2024-06-13,502,65,0.0,1056.0,Уплата налога
1381,714745149,2024-06-13,279,161,0.0,1500.0,Комиссия банка
1382,714228827,2024-06-13,279,161,0.0,300.0,Комиссия банка
1383,714130554,2024-06-13,337,261,0.0,1900.0,Комиссия банка
1384,714699529,2024-06-14,502,65,0.0,1056.0,Уплата налога
1385,714897832,2024-06-19,165,7,0.0,13200.000000000002,Оплата поставщику
1386,714033408,2024-06-19,167,9,0.0,16500.0,Оплата поставщику
1387,714567653,2024-06-19,235,105,0.0,66.0,Комиссия банка
1388,714965685,2024-06-19,235,105,0.0,66.0,Комиссия банка
1389,714324027,2024-06-19,235,105,0.0,66.0,Комиссия банка
1390,714200935,2024-06-19,235,105,0.0,66.0,Комиссия банка
1391,714076563,2024-06-19,235,105,0.0,66.0,Комиссия банка
1392,714440139,2024-06-19,235,105,0.0,66.0,Комиссия банка
1393,714365590,2024-06-19,277,160,0.0,12000.0,Оплата поставщику
1394,714935428,2024-06-19,291,182,0.0,7700.000000000001,Оплата поставщику
1395,714992327,2024-06-19,300,194,0.0,33000.0,Оплата поставщику
1396,714745108,2024-06-19,352,285,0.0,9500.0,Оплата поставщику
1397,714787455,2024-06-20,235,105,0.0,66.0,Комиссия банка
1398,714576064,2024-06-20,235,105,0.0,66.0,Комиссия банка
1399,714043820,2024-06-20,606,233,0.0,11000.0,Перечисление подотчетному лицу
1400,714960941,2024-06-20,606,233,0.0,16500.0,Перечисление подотчетному лицу
1401,714603748,2024-06-21,235,105,0.0,66.0,Комиссия банка
1402,714670609,2024-06-21,235,105,0.0,66.0,Комиссия банка
1403,714298024,2024-06-21,235,105,0.0,66.0,Комиссия банка
1404,714375797,2024-06-21,483,155,0.0,661958.1839999999,Уплата налога
1405,714535021,2024-06-21,300,194,0.0,77000.0,Оплата поставщику
1406,714319019,2024-06-21,501,233,0.0,2614.7000000000003,Перечисление подотчетному лицу
1407,714707931,2024-06-21,500,233,0.0,315984.15200000006,Перечисление заработной платы работнику
1408,714380280,2024-06-22,207,61,24750.000000000004,0.0,Возврат от поставщика
1409,714043048,2024-06-25,199,52,0.0,4400.0,Оплата поставщику
1410,714706855,2024-06-25,202,57,0.0,145200.0,Оплата поставщику
1411,714944793,2024-06-20,221,77,0.0,120522.05000000002,Оплата поставщику
1412,714025908,2024-06-25,235,105,0.0,66.0,Комиссия банка
1413,714979776,2024-06-25,235,105,0.0,66.0,Комиссия банка
1414,714375137,2024-06-25,235,105,0.0,66.0,Комиссия банка
1415,714035536,2024-06-25,235,105,0.0,66.0,Комиссия банка
1416,714125522,2024-06-25,235,105,0.0,66.0,Комиссия банка
1417,714948907,2024-06-25,235,105,0.0,66.0,Комиссия банка
1418,714033791,2024-06-25,235,105,0.0,66.0,Комиссия банка
1419,714910056,2024-06-25,235,105,0.0,66.0,Комиссия банка
1420,714641474,2024-06-25,235,105,0.0,66.0,Комиссия банка
1421,714188752,2024-06-25,235,105,0.0,66.0,Комиссия банка
1422,714705613,2024-06-25,235,105,0.0,66.0,Комиссия банка
1423,714620332,2024-06-25,235,105,0.0,66.0,Комиссия банка
1424,714100184,2024-06-25,235,105,0.0,66.0,Комиссия банка
1425,714460841,2024-06-25,235,105,0.0,66.0,Комиссия банка
1426,714060366,2024-06-25,288,179,0.0,2200.0,Оплата поставщику
1427,714865102,2024-06-25,321,226,0.0,6600.000000000001,Оплата поставщику
1428,714735565,2024-06-25,324,231,0.0,2640.0,Оплата поставщику
1429,714732815,2024-06-25,606,233,0.0,571.45,Перечисление подотчетному лицу
1430,714164588,2024-06-25,501,233,0.0,17096.717,Перечисление подотчетному лицу
1431,714816183,2024-06-25,500,233,0.0,28962.076,Перечисление заработной платы работнику
1432,714507888,2024-06-25,500,233,0.0,234698.475,Перечисление заработной платы работнику
1433,714165303,2024-06-25,500,233,0.0,444730.341,Перечисление заработной платы работнику
1434,714640742,2024-06-25,562,233,0.0,5500000.0,Перевод на другой счет организации
1435,714568152,2024-06-25,562,233,5500000.0,0.0,Перевод с другого счета
1436,714499771,2024-06-25,500,233,0.0,963572.731,Перечисление заработной платы по ведомостям
1437,714122512,2024-06-25,500,233,0.0,289483.51300000004,Перечисление заработной платы по ведомостям
1438,714145692,2024-06-25,500,233,0.0,59285.754,Перечисление заработной платы по ведомостям
1439,714898110,2024-06-25,333,249,0.0,2772.0,Оплата поставщику
1440,714867947,2024-06-25,337,261,0.0,3315.5,Комиссия банка
1441,714544793,2024-06-25,346,277,0.0,5700.0,Оплата поставщику
1442,714643563,2024-06-26,235,105,0.0,2200.0,Комиссия банка
1443,714919958,2024-06-26,256,130,0.0,1350.0,Комиссия банка
1444,714260154,2024-06-26,256,130,0.0,1350.0,Комиссия банка
1445,714826248,2024-06-26,279,161,0.0,7140.0,Комиссия банка
1446,714618408,2024-06-26,499,161,2497.956,0.0,Прочее поступление
1447,714047614,2024-06-26,292,183,0.0,17109.070000000003,Оплата поставщику
1448,714603403,2024-06-21,457,64,0.0,434898.39800000004,Оплата поставщику
1449,714352652,2024-06-29,235,105,0.0,66.0,Комиссия банка
1450,714426012,2024-06-29,235,105,0.0,66.0,Комиссия банка
1451,714910518,2024-06-29,235,105,0.0,66.0,Комиссия банка
1452,714751793,2024-06-29,235,105,0.0,66.0,Комиссия банка
1453,714561288,2024-06-29,235,105,0.0,66.0,Комиссия банка
1454,714272108,2024-06-29,235,105,0.0,66.0,Комиссия банка
1455,714545267,2024-06-29,235,105,0.0,916.6630000000001,Комиссия банка
1456,714092089,2024-06-29,235,105,0.0,4583.337,Комиссия банка
1457,714428837,2024-06-29,483,155,0.0,165444.0,Уплата налога
1458,714393801,2024-06-29,300,194,0.0,44000.0,Прочее списание
1459,714600618,2024-06-29,317,220,0.0,910.8000000000001,Оплата поставщику
1460,714171304,2024-06-29,327,237,0.0,42900.0,Оплата поставщику
1461,714716531,2024-06-29,341,267,0.0,11400.0,Оплата поставщику
1462,714596143,2024-06-24,60,16,244189.44,0.0,Возврат от поставщика
1463,714999468,2024-07-04,235,105,0.0,66.0,Комиссия банка
1464,714111619,2024-07-04,235,105,0.0,66.0,Комиссия банка
1465,714205429,2024-07-04,235,105,0.0,66.0,Комиссия банка
1466,714491219,2024-07-04,291,182,0.0,11000.0,Оплата поставщику
1467,714795447,2024-07-04,300,194,0.0,44000.0,Оплата поставщику
1468,714846646,2024-07-04,500,233,0.0,110000.00000000001,Перечисление подотчетному лицу
1469,714110784,2024-06-27,233,101,0.0,3326.4,Оплата поставщику
1470,714450460,2024-07-05,235,105,0.0,66.0,Комиссия банка
1471,714008917,2024-07-05,500,233,0.0,341052.569,Перечисление заработной платы по ведомостям
1472,714936507,2024-07-06,431,31,0.0,44866.8,Оплата поставщику
1473,714021320,2024-07-06,183,31,0.0,347886.0,Оплата поставщику
1474,714901944,2024-07-06,235,105,0.0,66.0,Комиссия банка
1475,714366957,2024-07-06,235,105,0.0,66.0,Комиссия банка
1476,714629818,2024-07-06,235,105,0.0,66.0,Комиссия банка
1477,714290936,2024-07-06,235,105,0.0,66.0,Комиссия банка
1478,714972956,2024-07-06,235,105,0.0,66.0,Комиссия банка
1479,714160258,2024-07-06,608,233,0.0,431.20000000000005,Перечисление подотчетному лицу
1480,714351230,2024-07-06,606,233,0.0,8415.0,Перечисление подотчетному лицу
1481,714873231,2024-07-06,352,285,0.0,19000.0,Оплата поставщику
1482,714123664,2024-07-10,235,105,0.0,66.0,Комиссия банка
1483,714351663,2024-07-10,235,105,0.0,66.0,Комиссия банка
1484,714841882,2024-07-10,235,105,0.0,66.0,Комиссия банка
1485,714826027,2024-07-10,236,107,0.0,12735.0,Оплата поставщику
1486,714019788,2024-07-10,257,131,0.0,18000.0,Оплата поставщику
1487,714262609,2024-07-10,483,155,0.0,708712.236,Уплата налога
1488,714448492,2024-07-10,551,175,0.0,3762.9240000000004,Уплата налога
1489,714740204,2024-07-10,317,220,0.0,11127.6,Оплата поставщику
1490,714596171,2024-07-10,500,233,0.0,293243.852,Перечисление заработной платы по ведомостям
1491,714730062,2024-07-10,500,233,0.0,131587.5,Перечисление заработной платы по ведомостям
1492,714451105,2024-07-06,490,155,6050587.984000001,0.0,Возврат налога
1493,714258968,2024-07-12,257,131,9000.0,0.0,Возврат от поставщика
1494,714460178,2024-07-13,232,99,0.0,1485.0000000000002,Оплата поставщику
1495,714222277,2024-07-13,232,99,0.0,3397.9220000000005,Оплата поставщику
1496,714998984,2024-07-13,235,105,0.0,66.0,Комиссия банка
1497,714173758,2024-07-13,235,105,0.0,66.0,Комиссия банка
1498,714282157,2024-07-13,235,105,0.0,66.0,Комиссия банка
1499,714547283,2024-07-13,235,105,0.0,66.0,Комиссия банка
1500,714455523,2024-07-13,333,249,0.0,1672.0000000000002,Оплата поставщику
1501,714906271,2024-07-13,341,267,0.0,1520.0,Оплата поставщику
1502,714963755,2024-07-08,454,64,0.0,3240.0,Оплата поставщику
1503,714577404,2024-07-16,235,105,0.0,66.0,Комиссия банка
1504,714856536,2024-07-16,235,105,0.0,66.0,Комиссия банка
1505,714779027,2024-07-16,235,105,0.0,66.0,Комиссия банка
1506,714336499,2024-07-16,235,105,0.0,66.0,Комиссия банка
1507,714257385,2024-07-16,235,105,0.0,66.0,Комиссия банка
1508,714139300,2024-07-16,291,182,0.0,5500.0,Оплата поставщику
1509,714011461,2024-07-16,294,187,79200.0,0.0,Возврат от поставщика
1510,714783788,2024-07-16,317,220,0.0,3234.0000000000005,Оплата поставщику
1511,714541457,2024-07-16,500,233,0.0,21965.471,Перечисление заработной платы по ведомостям
1512,714669053,2024-07-16,606,233,0.0,4400.0,Перечисление подотчетному лицу
1513,714542898,2024-07-16,334,258,0.0,9536.1,Оплата поставщику
1514,714061930,2024-07-20,483,155,0.0,957454.236,Уплата налога
1515,714999826,2024-07-20,291,182,0.0,33000.0,Оплата поставщику
1516,714753441,2024-07-20,500,233,0.0,210554.905,Перечисление заработной платы по ведомостям
1517,714403612,2024-07-20,606,233,0.0,12648.900000000001,Перечисление подотчетному лицу
1518,714396149,2024-07-20,501,233,0.0,55000.00000000001,Перечисление подотчетному лицу
1519,714181658,2024-07-23,500,233,0.0,21965.471,Перечисление заработной платы по ведомостям
1520,714297888,2024-07-12,72,286,0.0,4000000.0,Оплата поставщику
1521,714940070,2024-07-13,72,286,0.0,4750000.0,Оплата поставщику
1522,714099873,2024-07-13,72,286,0.0,2625000.0,Оплата поставщику
1523,714475988,2024-07-26,317,220,0.0,1003.2,Оплата поставщику
1524,714412236,2024-07-26,319,223,0.0,49500.00000000001,Оплата поставщику
1525,714282495,2024-07-26,500,233,0.0,23446.500000000004,Перечисление заработной платы работнику
1526,714969241,2024-07-26,500,233,0.0,246405.434,Перечисление заработной платы по ведомостям
1527,714451728,2024-07-26,500,233,0.0,66171.644,Перечисление заработной платы по ведомостям
1528,714263247,2024-07-26,500,233,0.0,143550.0,Перечисление заработной платы по ведомостям
1529,714192066,2024-07-27,256,130,0.0,1350.0,Комиссия банка
1530,714389297,2024-07-27,256,130,0.0,1350.0,Комиссия банка
1531,714357663,2024-07-27,279,161,0.0,7140.0,Комиссия банка
1532,714490096,2024-07-15,358,273,0.0,132472.0,Оплата поставщику
1533,714919021,2024-07-15,358,273,0.0,794832.0,Оплата поставщику
1534,714476407,2024-07-30,483,155,0.0,129937.2,Уплата налога
1535,714267743,2024-07-30,277,160,0.0,12000.0,Оплата поставщику
1536,714968536,2024-07-30,313,212,0.0,143000.0,Оплата поставщику
1537,714026028,2024-07-30,321,226,0.0,24200.000000000004,Оплата поставщику
1538,714327205,2024-07-30,346,277,0.0,20900.0,Оплата поставщику
1539,714428103,2024-08-01,562,233,0.0,1650.0000000000002,Перевод на другой счет организации
1540,714865317,2024-08-01,562,233,1650.0000000000002,0.0,Перевод с другого счета
1541,714896303,2024-08-01,564,247,0.0,1056.0,Уплата налога
1542,714263425,2024-08-01,564,247,0.0,4620.0,Уплата налога
1543,714058295,2024-08-01,333,249,0.0,1672.0000000000002,Оплата поставщику
1544,714581151,2024-08-01,337,261,0.0,14.25,Комиссия банка
1545,714424391,2024-07-29,2,2,81514143.81000002,0.0,Оплата от покупателя
1546,714808125,2024-07-26,5,2,93698138.13800001,0.0,Оплата от покупателя
1547,714638547,2024-08-03,177,25,0.0,792.0000000000001,Комиссия банка
1548,714019143,2024-08-03,418,117,0.0,54.0,Комиссия банка
1549,714357157,2024-08-03,418,117,0.0,108.0,Комиссия банка
1550,714038306,2024-08-03,418,117,0.0,108.0,Комиссия банка
1551,714635916,2024-08-03,418,117,0.0,1080.0,Комиссия банка
1552,714273431,2024-07-22,489,155,7789597.223999999,0.0,Возврат налога
1553,714758741,2024-08-03,562,233,0.0,60475800.00000001,Перевод на другой счет организации
1554,714599162,2024-08-03,561,233,0.0,196900000.00000003,Депозит
1555,714294974,2024-08-03,562,233,60475800.00000001,0.0,Перевод с другого счета
1556,714140299,2024-08-08,177,25,0.0,44.0,Комиссия банка
1557,714167456,2024-08-08,252,125,0.0,10710.0,Оплата поставщику
1558,714117577,2024-08-08,562,233,0.0,1100.0,Перевод на другой счет организации
1559,714461429,2024-08-08,562,233,1100.0,0.0,Перевод с другого счета
1560,714413004,2024-08-02,454,64,0.0,19440.0,Оплата поставщику
1561,714324707,2024-08-10,252,125,0.0,72144.0,Оплата поставщику
1562,714079471,2024-08-10,256,130,0.0,630.0,Комиссия банка
1563,714822215,2024-08-10,551,175,0.0,3029.5430000000006,Уплата налога
1564,714421378,2024-08-10,501,233,0.0,6505.862000000001,Перечисление подотчетному лицу
1565,714850189,2024-08-10,500,233,0.0,31430.190000000002,Перечисление заработной платы работнику
1566,714551892,2024-08-10,500,233,0.0,39305.673,Перечисление заработной платы работнику
1567,714150702,2024-08-10,562,233,0.0,429000.00000000006,Перевод на другой счет организации
1568,714635575,2024-08-10,561,233,0.0,74800000.0,Депозит
1569,714122261,2024-08-10,561,233,500341.776,0.0,Прочее поступление
1570,714412015,2024-08-10,561,233,196900000.00000003,0.0,Депозит
1571,714373244,2024-08-10,562,233,429000.00000000006,0.0,Перевод с другого счета
1572,714347092,2024-08-10,500,233,0.0,239687.97600000002,Перечисление заработной платы по ведомостям
1573,714236432,2024-08-10,500,233,0.0,144118.964,Перечисление заработной платы по ведомостям
1574,714167262,2024-08-10,500,233,0.0,30811.440000000002,Перечисление заработной платы по ведомостям
1575,714676495,2024-08-10,333,249,0.0,1672.0000000000002,Оплата поставщику
1576,714864493,2024-08-05,61,98,0.0,2041396.5600000005,Оплата поставщику
1577,714973612,2024-08-13,256,130,0.0,180.0,Комиссия банка
1578,714329526,2024-08-13,291,182,0.0,16500.0,Оплата поставщику
1579,714395516,2024-08-13,561,233,81460.269,0.0,Прочее поступление
1580,714526257,2024-08-13,561,233,74800000.0,0.0,Депозит
1581,714581077,2024-08-14,223,78,0.0,29150.000000000004,Оплата поставщику
1582,714717517,2024-08-14,224,79,0.0,8798.900000000001,Оплата поставщику
1583,714842515,2024-08-14,256,130,0.0,90.0,Комиссия банка
1584,714552784,2024-08-14,322,229,0.0,18954.573,Прочее списание
1585,714924544,2024-08-14,322,229,0.0,18954.573,Прочее списание
1586,714183451,2024-08-14,606,233,0.0,4620.0,Перечисление подотчетному лицу
1587,714662219,2024-08-14,562,233,231000.00000000003,0.0,Перевод с другого счета
1588,714178169,2024-08-14,562,233,0.0,231000.00000000003,Перевод на другой счет организации
1589,714461801,2024-08-14,561,233,0.0,165000000.0,Депозит
1590,714457999,2024-08-07,62,28,0.0,17416348.717093356,Оплата поставщику
1591,714109396,2024-08-15,249,122,0.0,16110.0,Оплата поставщику
1592,714661496,2024-08-15,250,123,0.0,4356.0,Оплата поставщику
1593,714035074,2024-08-15,256,130,0.0,90.0,Комиссия банка
1594,714745322,2024-08-15,322,229,0.0,62700.00000000001,Прочее списание
1595,714841892,2024-08-15,561,233,59897.255000000005,0.0,Прочее поступление
1596,714873915,2024-08-15,561,233,165000000.0,0.0,Депозит
1597,714789910,2024-08-16,256,130,0.0,180.0,Комиссия банка
1598,714668962,2024-08-16,291,182,0.0,16500.0,Оплата поставщику
1599,714519293,2024-08-16,561,233,0.0,166870000.0,Депозит
1600,714952351,2024-08-16,501,233,0.0,33000.0,Перечисление подотчетному лицу
1601,714872768,2024-08-08,357,273,0.0,12140.638986000004,Оплата поставщику
1602,714774429,2024-08-08,357,273,0.0,315656.6136360001,Оплата поставщику
1603,714996116,2024-08-17,256,130,0.0,90.0,Комиссия банка
1604,714511716,2024-08-17,562,233,137500.0,0.0,Перевод с другого счета
1605,714472627,2024-08-17,562,233,0.0,137500.0,Перевод на другой счет организации
1606,714204253,2024-08-17,561,233,0.0,166760000.0,Депозит
1607,714395930,2024-08-17,561,233,60576.098000000005,0.0,Прочее поступление
1608,714195450,2024-08-17,561,233,166870000.0,0.0,Депозит
1609,714181719,2024-08-20,167,9,0.0,16500.0,Оплата поставщику
1610,714267320,2024-08-20,252,125,0.0,90000.0,Оплата поставщику
1611,714262816,2024-08-20,256,130,0.0,90.0,Комиссия банка
1612,714649743,2024-08-20,317,220,0.0,1861.2,Оплата поставщику
1613,714510646,2024-08-20,562,233,0.0,132000.0,Перевод на другой счет организации
1614,714716362,2024-08-20,561,233,0.0,165770000.0,Депозит
1615,714785475,2024-08-20,561,233,181608.49300000002,0.0,Прочее поступление
1616,714712338,2024-08-20,561,233,166760000.0,0.0,Депозит
1617,714567455,2024-08-20,500,233,0.0,136074.928,Перечисление заработной платы по ведомостям
1618,714073519,2024-08-20,562,233,132000.0,0.0,Перевод с другого счета
1619,714425576,2024-08-13,269,58,0.0,2160.4896000000003,Оплата поставщику
1620,714001326,2024-08-13,269,58,0.0,21604.896000000004,Оплата поставщику
1621,714723346,2024-08-21,256,130,0.0,90.0,Комиссия банка
1622,714672777,2024-08-21,483,155,0.0,622890.0,Уплата налога
1623,714881782,2024-08-21,483,155,0.0,622890.0,Уплата налога
1624,714035620,2024-08-13,305,199,0.0,465677.77318431437,Оплата поставщику
1625,714892601,2024-08-21,562,233,1320000.0,0.0,Перевод с другого счета
1626,714766350,2024-08-21,562,233,0.0,1320000.0,Перевод на другой счет организации
1627,714036884,2024-08-21,561,233,0.0,165550000.0,Депозит
1628,714205780,2024-08-21,561,233,60176.776000000005,0.0,Прочее поступление
1629,714089141,2024-08-21,561,233,165770000.0,0.0,Депозит
1630,714919461,2024-08-22,177,25,0.0,23.1,Комиссия банка
1631,714162452,2024-08-14,63,114,0.0,5761305.600000001,Оплата поставщику
1632,714599980,2024-08-22,256,130,0.0,90.0,Комиссия банка
1633,714272015,2024-08-22,561,233,0.0,103950000.00000001,Депозит
1634,714763185,2024-08-22,561,233,60096.916000000005,0.0,Прочее поступление
1635,714949431,2024-08-22,561,233,165550000.0,0.0,Депозит
1636,714823877,2024-08-22,608,233,0.0,4145.900000000001,Перечисление подотчетному лицу
1637,714681436,2024-08-22,606,233,0.0,556.1600000000001,Перечисление подотчетному лицу
1638,714355753,2024-08-22,606,233,0.0,680.9000000000001,Перечисление подотчетному лицу
1639,714041724,2024-08-11,82,76,0.0,66000000.0,Оплата поставщику
1640,714843517,2024-08-23,256,130,0.0,180.0,Комиссия банка
1641,714974484,2024-08-15,71,158,34155.0,0.0,Оплата от покупателя
1642,714431730,2024-08-23,562,233,0.0,550000.0,Перевод на другой счет организации
1643,714459794,2024-08-23,561,233,0.0,103180000.00000001,Депозит
1644,714989289,2024-08-23,561,233,37735.26900000001,0.0,Прочее поступление
1645,714220435,2024-08-23,561,233,103950000.00000001,0.0,Депозит
1646,714051860,2024-08-23,562,233,550000.0,0.0,Перевод с другого счета
1647,714839057,2024-08-16,271,4,0.0,72016.32,Оплата поставщику
1648,714802037,2024-08-16,268,58,0.0,29700.000000000004,Оплата поставщику
1649,714646910,2024-08-16,67,76,0.0,39002913.88298374,Оплата поставщику
1650,714656741,2024-08-16,67,76,0.0,630971.4545739178,Оплата поставщику
1651,714532736,2024-08-24,256,130,0.0,270.0,Комиссия банка
1652,714473711,2024-08-16,270,133,0.0,72016.32,Оплата поставщику
1653,714786527,2024-08-16,272,137,0.0,72016.32,Оплата поставщику
1654,714598543,2024-08-16,273,140,0.0,72016.32,Оплата поставщику
1655,714259097,2024-08-16,276,157,0.0,278380.4343406836,Оплата поставщику
1656,714866577,2024-08-24,291,182,0.0,16500.0,Оплата поставщику
1657,714561097,2024-08-24,562,233,0.0,550000.0,Перевод на другой счет организации
1658,714987740,2024-08-24,562,233,0.0,660000.0,Перевод на другой счет организации
1659,714933667,2024-08-24,561,233,0.0,48290000.00000001,Депозит
1660,714155688,2024-08-24,561,233,37455.74800000001,0.0,Прочее поступление
1661,714230318,2024-08-24,561,233,103180000.00000001,0.0,Депозит
1662,714598980,2024-08-24,500,233,0.0,3772.8460000000005,Перечисление заработной платы работнику
1663,714379806,2024-08-24,500,233,0.0,38114.846000000005,Перечисление заработной платы работнику
1664,714335892,2024-08-24,500,233,0.0,435824.56500000006,Перечисление заработной платы по ведомостям
1665,714499542,2024-08-24,562,233,660000.0,0.0,Перевод с другого счета
1666,714307791,2024-08-24,500,233,0.0,230617.266,Перечисление заработной платы по ведомостям
1667,714495535,2024-08-24,562,233,550000.0,0.0,Перевод с другого счета
1668,714515399,2024-08-16,590,252,0.0,21337.739999999998,Уплата налога
1669,714523698,2024-08-19,274,89,0.0,72016.32,Оплата поставщику
1670,714345539,2024-08-19,275,90,0.0,72016.32,Оплата поставщику
1671,714104287,2024-08-27,235,105,0.0,2200.0,Комиссия банка
1672,714302871,2024-08-27,256,130,0.0,90.0,Комиссия банка
1673,714781181,2024-08-27,256,130,0.0,1350.0,Комиссия банка
1674,714443911,2024-08-27,256,130,0.0,1350.0,Комиссия банка
1675,714241820,2024-08-27,279,161,0.0,7140.0,Комиссия банка
1676,714819141,2024-08-27,562,233,165000.0,0.0,Перевод с другого счета
1677,714144115,2024-08-27,562,233,0.0,165000.0,Перевод на другой счет организации
1678,714343257,2024-08-27,561,233,0.0,45100000.0,Депозит
1679,714308471,2024-08-27,561,233,52589.79000000001,0.0,Прочее поступление
1680,714303522,2024-08-27,561,233,48290000.00000001,0.0,Депозит
1681,714212549,2024-08-20,274,89,0.0,59920.45889280001,Оплата поставщику
1682,714352975,2024-08-20,275,90,0.0,69085.255776,Оплата поставщику
1683,714952359,2024-08-28,256,130,0.0,45.0,Комиссия банка
1684,714114969,2024-08-28,256,130,0.0,180.0,Комиссия банка
1685,714062024,2024-08-28,256,130,0.0,12873.564,Комиссия банка
1686,714047567,2024-08-28,256,130,0.0,64367.82000000001,Комиссия банка
1687,714953408,2024-08-16,74,148,0.0,4324126.07635544,Оплата поставщику
1688,714968494,2024-08-28,483,155,0.0,104619.59999999999,Уплата налога
1689,714795178,2024-08-28,287,176,0.0,18472.036,Оплата поставщику
1690,714007755,2024-08-28,562,233,0.0,275000.0,Перевод на другой счет организации
1691,714891786,2024-08-28,561,233,16371.916000000001,0.0,Прочее поступление
1692,714898033,2024-08-28,561,233,45100000.0,0.0,Депозит
1693,714612147,2024-08-28,562,233,275000.0,0.0,Перевод с другого счета
1694,714678463,2024-08-21,271,4,0.0,71081.54816640001,Оплата поставщику
1695,714387128,2024-08-21,274,89,0.0,72016.32,Оплата поставщику
1696,714934654,2024-08-21,275,90,0.0,72016.32,Оплата поставщику
1697,714842309,2024-08-29,235,105,0.0,66.0,Комиссия банка
1698,714488040,2024-08-29,235,105,0.0,66.0,Комиссия банка
1699,714337687,2024-08-29,235,105,0.0,66.0,Комиссия банка
1700,714930252,2024-08-29,235,105,0.0,66.0,Комиссия банка
1701,714036688,2024-08-29,235,105,0.0,66.0,Комиссия банка
1702,714292264,2024-08-29,235,105,0.0,66.0,Комиссия банка
1703,714362875,2024-08-29,235,105,0.0,66.0,Комиссия банка
1704,714296233,2024-08-29,235,105,0.0,66.0,Комиссия банка
1705,714557656,2024-08-29,235,105,0.0,66.0,Комиссия банка
1706,714997283,2024-08-29,235,105,0.0,66.0,Комиссия банка
1707,714313956,2024-08-29,235,105,0.0,66.0,Комиссия банка
1708,714758956,2024-08-29,235,105,0.0,550.0,Комиссия банка
1709,714977801,2024-08-29,235,105,0.0,2750.0,Комиссия банка
1710,714509325,2024-08-29,236,107,0.0,360.0,Оплата поставщику
1711,714270031,2024-08-29,252,125,0.0,47580.336,Оплата поставщику
1712,714234930,2024-08-29,256,130,0.0,725.355,Комиссия банка
1713,714008715,2024-08-29,256,130,0.0,3626.766,Комиссия банка
1714,714380881,2024-08-21,270,133,0.0,34286.24978880001,Оплата поставщику
1715,714263100,2024-08-21,272,137,0.0,46082.52300480001,Оплата поставщику
1716,714530989,2024-08-21,272,137,0.0,114922.92329280001,Оплата поставщику
1717,714422465,2024-08-21,273,140,0.0,25938.117974400004,Оплата поставщику
1718,714842909,2024-08-21,276,157,5521.47516663956,0.0,Возврат от поставщика
1719,714161411,2024-08-29,313,212,0.0,143000.0,Оплата поставщику
1720,714201988,2024-08-29,317,220,0.0,1861.2,Оплата поставщику
1721,714738424,2024-08-29,561,233,0.0,44660000.0,Депозит
1722,714318516,2024-08-30,169,10,0.0,37808.419,Оплата поставщику
1723,714660295,2024-08-18,84,47,0.0,5127195.405472567,Оплата поставщику
1724,714098715,2024-08-30,234,102,0.0,5280.0,Оплата поставщику
1725,714546464,2024-08-30,256,130,0.0,90.0,Комиссия банка
1726,714778713,2024-08-30,256,130,0.0,144.0,Комиссия банка
1727,714914933,2024-08-30,256,130,0.0,720.0,Комиссия банка
1728,714513554,2024-08-30,256,130,0.0,12825.0,Комиссия банка
1729,714776109,2024-08-30,256,130,0.0,64125.0,Комиссия банка
1730,714584624,2024-08-30,291,182,0.0,16500.0,Оплата поставщику
1731,714922272,2024-08-30,309,207,0.0,15594.920000000002,Оплата поставщику
1732,714669936,2024-08-30,561,233,0.0,39600000.0,Депозит
1733,714329461,2024-08-30,561,233,16212.196000000002,0.0,Прочее поступление
1734,714130902,2024-08-30,561,233,44660000.0,0.0,Депозит
1735,714037501,2024-08-30,608,233,0.0,2640.0,Перечисление подотчетному лицу
1736,714534509,2024-08-23,274,89,0.0,64321.37620800001,Оплата поставщику
1737,714033988,2024-08-23,275,90,0.0,70174.14253440002,Оплата поставщику
1738,714043001,2024-08-31,256,130,0.0,360.0,Комиссия банка
1739,714073905,2024-08-31,321,226,0.0,4400.0,Оплата поставщику
1740,714340142,2024-08-31,561,233,0.0,38500000.0,Депозит
1741,714426931,2024-08-31,561,233,14375.339000000002,0.0,Прочее поступление
1742,714385148,2024-08-31,561,233,39600000.0,0.0,Депозит
1743,714351601,2024-08-19,80,273,0.0,123750.0,Оплата поставщику
1744,714912788,2024-08-19,80,273,0.0,1251250.0,Оплата поставщику
1745,714581667,2024-08-31,346,277,0.0,3800.0,Оплата поставщику
1746,714077525,2024-09-03,256,130,0.0,180.0,Комиссия банка
1747,714012474,2024-09-03,551,175,0.0,2976.7650000000003,Уплата налога
1748,714758246,2024-09-03,561,233,0.0,36630000.0,Депозит
1749,714281794,2024-09-03,561,233,41928.084,0.0,Прочее поступление
1750,714439203,2024-09-03,561,233,38500000.0,0.0,Депозит
1751,714163266,2024-09-04,181,29,0.0,3080.0000000000005,Оплата поставщику
1752,714815897,2024-08-23,89,34,0.0,706966.0466863337,Оплата поставщику
1753,714855483,2024-09-04,249,122,0.0,2376.0,Оплата поставщику
1754,714846707,2024-09-04,256,130,0.0,540.0,Комиссия банка
1755,714704188,2024-09-04,561,233,0.0,36630000.0,Депозит
1756,714092299,2024-09-04,561,233,13297.196000000002,0.0,Прочее поступление
1757,714853566,2024-09-04,561,233,36630000.0,0.0,Депозит
1758,714343739,2024-09-04,501,233,0.0,33000.0,Перечисление подотчетному лицу
1759,714671759,2024-09-04,564,247,0.0,2310.0,Уплата налога
1760,714152370,2024-08-23,75,265,0.0,11874.5,Оплата поставщику
1761,714116337,2024-08-23,75,265,0.0,148431.25,Оплата поставщику
1762,714902407,2024-08-23,80,273,0.0,1100000.0,Оплата поставщику
1763,714701606,2024-09-05,256,130,0.0,90.0,Комиссия банка
1764,714550070,2024-09-05,256,130,0.0,144.0,Комиссия банка
1765,714128498,2024-09-05,256,130,0.0,720.0,Комиссия банка
1766,714633990,2024-09-05,561,233,0.0,34100000.0,Депозит
1767,714927479,2024-09-05,561,233,13297.196000000002,0.0,Прочее поступление
1768,714686094,2024-09-05,561,233,36630000.0,0.0,Депозит
1769,714875012,2024-08-28,586,251,0.0,1350.0,Оплата поставщику
1770,714638559,2024-09-06,256,130,0.0,360.0,Комиссия банка
1771,714799309,2024-09-06,288,179,0.0,1100.0,Оплата поставщику
1772,714210543,2024-09-06,561,233,0.0,33880000.0,Депозит
1773,714242248,2024-09-06,561,233,12378.762,0.0,Прочее поступление
1774,714324640,2024-09-06,561,233,34100000.0,0.0,Депозит
1775,714729017,2024-08-25,79,273,0.0,168657.7436010713,Оплата поставщику
1776,714510635,2024-08-25,80,273,0.0,481250.0,Оплата поставщику
1777,714019068,2024-08-25,80,273,0.0,962500.0,Оплата поставщику
1778,714070948,2024-08-26,216,71,0.0,51842.04000000008,Оплата поставщику
1779,714977270,2024-08-26,214,71,0.0,983592.885,Оплата поставщику
1780,714888970,2024-08-26,216,71,0.0,42855.22800000007,Оплата поставщику
1781,714577759,2024-08-30,215,71,0.0,851997.924,Оплата поставщику
1782,714568845,2024-09-07,256,130,0.0,540.0,Комиссия банка
1783,714889616,2024-09-07,291,182,0.0,16500.0,Оплата поставщику
1784,714167681,2024-09-07,561,233,0.0,27500000.000000004,Депозит
1785,714817567,2024-09-07,561,233,12298.902,0.0,Прочее поступление
1786,714743502,2024-09-07,561,233,33880000.0,0.0,Депозит
1787,714138621,2024-08-30,65,273,0.0,1141716.8615757348,Оплата поставщику
1788,714308957,2024-08-30,65,273,0.0,1965384.0259982292,Оплата поставщику
1789,714530881,2024-08-26,81,275,0.0,462000.0,Оплата поставщику
1790,714601316,2024-09-02,73,14,0.0,184418.0901746725,Оплата поставщику
1791,714442968,2024-09-02,73,14,0.0,334345.01321397384,Оплата поставщику
1792,714000127,2024-09-02,73,14,0.0,978911.1597379914,Оплата поставщику
1793,714657712,2024-09-10,256,130,0.0,990.0,Комиссия банка
1794,714189697,2024-08-29,88,148,0.0,1064474.6354140127,Оплата поставщику
1795,714131727,2024-08-29,87,148,0.0,1438756.5814496644,Оплата поставщику
1796,714701334,2024-08-29,87,148,0.0,2753912.0417181207,Оплата поставщику
1797,714559188,2024-08-29,88,148,0.0,3093629.4091719743,Оплата поставщику
1798,714625158,2024-09-10,501,233,0.0,49964.64000000001,Перечисление подотчетному лицу
1799,714563134,2024-09-10,500,233,0.0,38518.700000000004,Перечисление заработной платы работнику
1800,714392859,2024-09-10,500,233,0.0,65249.602000000006,Перечисление заработной платы работнику
1801,714586287,2024-09-10,562,233,0.0,605000.0,Перевод на другой счет организации
1802,714813484,2024-09-10,561,233,0.0,18480000.0,Депозит
1803,714944717,2024-09-10,561,233,29948.633,0.0,Прочее поступление
1804,714126037,2024-09-10,561,233,27500000.000000004,0.0,Депозит
1805,714801452,2024-09-10,562,233,605000.0,0.0,Перевод с другого счета
1806,714725327,2024-09-10,500,233,0.0,554493.5,Перечисление заработной платы по ведомостям
1807,714946793,2024-08-29,81,275,0.0,462000.0,Оплата поставщику
1808,714217179,2024-09-11,256,130,0.0,180.0,Комиссия банка
1809,714796969,2024-09-11,256,130,0.0,2657.583,Комиссия банка
1810,714115245,2024-09-11,256,130,0.0,11400.003,Комиссия банка
1811,714841272,2024-09-11,256,130,0.0,13287.897,Комиссия банка
1812,714078939,2024-09-11,256,130,0.0,56999.997,Комиссия банка
1813,714123015,2024-09-11,287,176,0.0,5106.97,Оплата поставщику
1814,714820220,2024-09-11,606,233,0.0,550.0,Перечисление подотчетному лицу
1815,714332244,2024-09-11,561,233,0.0,17380000.0,Депозит
1816,714238204,2024-09-11,561,233,6202.196,0.0,Прочее поступление
1817,714089931,2024-09-11,561,233,18480000.0,0.0,Депозит
1818,714834196,2024-09-04,67,76,0.0,62892.28883194333,Оплата поставщику
1819,714606949,2024-08-31,82,76,0.0,1955800.0,Оплата поставщику
1820,714309483,2024-09-12,235,105,0.0,550.0,Комиссия банка
1821,714626814,2024-09-12,235,105,0.0,2750.0,Комиссия банка
1822,714196621,2024-09-04,417,110,0.0,1018474.5599999999,Оплата поставщику
1823,714885086,2024-09-04,417,110,0.0,1323000.0,Оплата поставщику
1824,714800165,2024-09-12,256,130,0.0,144.0,Комиссия банка
1825,714808877,2024-09-12,256,130,0.0,540.0,Комиссия банка
1826,714851170,2024-09-12,256,130,0.0,720.0,Комиссия банка
1827,714484091,2024-09-12,256,130,0.0,762.417,Комиссия банка
1828,714407011,2024-09-12,256,130,0.0,2279.997,Комиссия банка
1829,714728805,2024-09-12,256,130,0.0,3812.103,Комиссия банка
1830,714041569,2024-09-12,256,130,0.0,11400.003,Комиссия банка
1831,714160408,2024-09-12,310,208,0.0,165000.0,Оплата поставщику
1832,714906884,2024-09-12,561,233,0.0,9130000.0,Депозит
1833,714207364,2024-09-12,561,233,5833.014,0.0,Прочее поступление
1834,714853387,2024-09-12,561,233,17380000.0,0.0,Депозит
1835,714682320,2024-09-04,65,273,0.0,2446536.131948003,Оплата поставщику
1836,714800184,2024-09-13,235,105,0.0,550.0,Комиссия банка
1837,714000145,2024-09-13,235,105,0.0,2750.0,Комиссия банка
1838,714760875,2024-09-13,256,130,0.0,180.0,Комиссия банка
1839,714786746,2024-09-13,561,233,0.0,4950000.0,Депозит
1840,714452351,2024-09-13,561,233,3064.1820000000002,0.0,Прочее поступление
1841,714814152,2024-09-13,561,233,9130000.0,0.0,Депозит
1842,714848895,2024-09-13,333,249,0.0,1716.0000000000002,Оплата поставщику
1843,714284495,2024-09-14,235,105,0.0,550.0,Комиссия банка
1844,714885334,2024-09-14,235,105,0.0,2750.0,Комиссия банка
1845,714998546,2024-09-14,256,130,0.0,90.0,Комиссия банка
1846,714808850,2024-09-14,256,130,0.0,144.0,Комиссия банка
1847,714669070,2024-09-14,256,130,0.0,720.0,Комиссия банка
1848,714831773,2024-09-14,300,194,0.0,33000.0,Оплата поставщику
1849,714448788,2024-09-14,561,233,0.0,7700000.000000001,Депозит
1850,714761925,2024-09-14,561,233,1661.297,0.0,Прочее поступление
1851,714043682,2024-09-14,561,233,4950000.0,0.0,Депозит
1852,714175831,2024-09-06,566,250,0.0,750961.8,Уплата налога
1853,714063170,2024-09-17,256,130,0.0,90.0,Комиссия банка
1854,714211186,2024-09-17,500,233,0.0,5315.2880000000005,Перечисление заработной платы работнику
1855,714628254,2024-09-17,561,233,0.0,7700000.000000001,Депозит
1856,714652818,2024-09-17,561,233,7752.745000000001,0.0,Прочее поступление
1857,714075495,2024-09-17,561,233,7700000.000000001,0.0,Депозит
1858,714081665,2024-09-06,84,47,0.0,1062525.7945274317,Оплата поставщику
1859,714151474,2024-09-06,85,47,0.0,1124311.2244897957,Оплата поставщику
1860,714059904,2024-09-18,256,130,0.0,630.0,Комиссия банка
1861,714241694,2024-09-18,258,139,0.0,17280.0,Оплата поставщику
1862,714735201,2024-09-18,291,182,0.0,16500.0,Оплата поставщику
1863,714525837,2024-09-18,562,233,0.0,165000.0,Перевод на другой счет организации
1864,714160120,2024-09-18,561,233,0.0,1760000.0000000002,Депозит
1865,714498110,2024-09-18,561,233,2584.2520000000004,0.0,Прочее поступление
1866,714327664,2024-09-18,561,233,7700000.000000001,0.0,Депозит
1867,714847535,2024-09-18,562,233,165000.0,0.0,Перевод с другого счета
1868,714240689,2024-09-18,500,233,0.0,153271.789,Перечисление заработной платы по ведомостям
1869,714487168,2024-09-06,567,250,0.0,2628498.455,Уплата налога
1870,714612589,2024-09-06,79,273,0.0,927826.7254079576,Оплата поставщику
1871,714892335,2024-09-06,72,286,0.0,228900.0,Оплата поставщику
1872,714743456,2024-09-19,483,155,0.0,624150.0,Уплата налога
1873,714045043,2024-09-19,561,233,590.6890000000001,0.0,Прочее поступление
1874,714788469,2024-09-19,561,233,1760000.0000000002,0.0,Депозит
1875,714962174,2024-09-20,256,130,0.0,144.0,Комиссия банка
1876,714007105,2024-09-20,256,130,0.0,720.0,Комиссия банка
1877,714732814,2024-09-09,9,2,1836848.75,0.0,Оплата от покупателя
1878,714902306,2024-09-13,8,2,16737929.100000001,0.0,Оплата от покупателя
1879,714150232,2024-09-21,177,25,0.0,2200.0,Комиссия банка
1880,714891370,2024-09-21,177,25,0.0,2176.9,Комиссия банка
1881,714032461,2024-09-21,177,25,0.0,3300.0000000000005,Комиссия банка
1882,714136834,2024-09-21,181,29,0.0,30580.000000000004,Оплата поставщику
1883,714372457,2024-09-21,256,130,0.0,630.0,Комиссия банка
1884,714054739,2024-09-13,419,142,0.0,8505.0,Оплата поставщику
1885,714231647,2024-09-13,419,142,0.0,14175.0,Оплата поставщику
1886,714086929,2024-09-09,399,142,0.0,17325.0,Оплата поставщику
1887,714947909,2024-09-09,87,148,0.0,54965.100671140935,Оплата поставщику
1888,714176852,2024-09-21,319,223,0.0,5500.0,Оплата поставщику
1889,714385375,2024-09-21,562,233,0.0,11000.0,Перевод на другой счет организации
1890,714543124,2024-09-21,562,233,11000.0,0.0,Перевод с другого счета
1891,714888924,2024-09-16,8,2,56688570.900000006,0.0,Оплата от покупателя
1892,714897484,2024-09-16,64,38,0.0,481517.4553454782,Оплата поставщику
1893,714454662,2024-09-16,64,38,0.0,8575.924654521734,Оплата поставщику
1894,714678009,2024-09-12,78,38,0.0,849447.5,Оплата поставщику
1895,714234063,2024-09-16,454,64,0.0,8640.0,Оплата поставщику
1896,714707476,2024-09-12,452,64,0.0,15840.000000000002,Оплата поставщику
1897,714210536,2024-09-12,452,64,0.0,27505.698000000004,Оплата поставщику
1898,714219364,2024-09-16,455,64,0.0,318150.0,Оплата поставщику
1899,714080732,2024-09-16,455,64,0.0,159590.26799999998,Оплата поставщику
1900,714107593,2024-09-12,453,64,0.0,212825.22800000003,Оплата поставщику
1901,714998467,2024-09-12,453,64,0.0,455378.814,Оплата поставщику
1902,714911470,2024-09-16,67,76,0.0,786.1536103992917,Оплата поставщику
1903,714500333,2024-09-12,77,76,0.0,6875.0,Оплата поставщику
1904,714428019,2024-09-16,417,110,0.0,32400.0,Оплата поставщику
1905,714136748,2024-09-12,416,110,0.0,39600.0,Оплата поставщику
1906,714263877,2024-09-12,416,110,0.0,950784.12,Оплата поставщику
1907,714060272,2024-09-16,417,110,0.0,793800.0,Оплата поставщику
1908,714002541,2024-09-12,416,110,0.0,1584534.6,Оплата поставщику
1909,714309350,2024-09-12,416,110,0.0,1584640.2000000002,Оплата поставщику
1910,714460387,2024-09-24,256,130,0.0,45.0,Комиссия банка
1911,714445440,2024-09-24,256,130,0.0,2070.0,Комиссия банка
1912,714165998,2024-09-24,256,130,0.0,26252.433,Комиссия банка
1913,714311107,2024-09-24,256,130,0.0,131262.156,Комиссия банка
1914,714062120,2024-09-24,562,233,0.0,550000.0,Перевод на другой счет организации
1915,714058964,2024-09-24,562,233,550000.0,0.0,Перевод с другого счета
1916,714115184,2024-09-12,83,273,0.0,80880.25,Оплата поставщику
1917,714556553,2024-09-12,80,273,0.0,300179.0,Оплата поставщику
1918,714619366,2024-09-12,83,273,0.0,2264647.0,Оплата поставщику
1919,714419877,2024-09-12,80,273,0.0,4786441.0,Оплата поставщику
1920,714961833,2024-09-12,81,275,0.0,296270.7,Оплата поставщику
1921,714815928,2024-09-16,66,275,0.0,143637.11492112002,Оплата поставщику
1922,714282360,2024-09-24,346,277,0.0,3800.0,Оплата поставщику
1923,714723958,2024-09-17,7,1,9915966.324000001,0.0,Оплата от покупателя
1924,714983789,2024-09-13,9,2,13750000.0,0.0,Оплата от покупателя
1925,714911066,2024-09-25,235,105,0.0,550.0,Комиссия банка
1926,714091718,2024-09-25,235,105,0.0,550.0,Комиссия банка
1927,714071170,2024-09-25,235,105,0.0,2750.0,Комиссия банка
1928,714927456,2024-09-25,235,105,0.0,2750.0,Комиссия банка
1929,714176198,2024-09-25,256,130,0.0,270.0,Комиссия банка
1930,714314435,2024-09-25,483,155,0.0,87858.0,Уплата налога
1931,714833661,2024-09-25,317,220,0.0,1861.2,Оплата поставщику
1932,714642818,2024-09-25,500,233,0.0,31515.902000000002,Перечисление заработной платы работнику
1933,714047200,2024-09-25,500,233,0.0,119625.00000000001,Перечисление заработной платы работнику
1934,714839457,2024-09-25,561,233,0.0,79200000.0,Депозит
1935,714645064,2024-09-25,500,233,0.0,389372.50000000006,Перечисление заработной платы по ведомостям
1936,714787588,2024-09-14,90,98,0.0,18002406.524997115,Оплата поставщику
1937,714780241,2024-09-26,235,105,0.0,2200.0,Комиссия банка
1938,714040006,2024-09-26,256,130,0.0,90.0,Комиссия банка
1939,714046096,2024-09-26,256,130,0.0,1350.0,Комиссия банка
1940,714371845,2024-09-26,256,130,0.0,5421.726000000001,Комиссия банка
1941,714916844,2024-09-26,256,130,0.0,27108.603,Комиссия банка
1942,714495303,2024-09-26,279,161,0.0,7140.0,Комиссия банка
1943,714391577,2024-09-26,561,233,0.0,79640000.0,Депозит
1944,714172326,2024-09-26,561,233,26580.818000000003,0.0,Прочее поступление
1945,714970574,2024-09-26,561,233,79200000.0,0.0,Депозит
1946,714391046,2024-09-19,70,118,0.0,338742.0,Оплата поставщику
1947,714710349,2024-09-27,256,130,0.0,45.0,Комиссия банка
1948,714214921,2024-09-27,256,130,0.0,900.0,Комиссия банка
1949,714636364,2024-09-27,256,130,0.0,1350.0,Комиссия банка
1950,714763807,2024-09-27,256,130,0.0,20228.274,Комиссия банка
1951,714538694,2024-09-27,256,130,0.0,101141.397,Комиссия банка
1952,714206345,2024-09-27,287,176,0.0,8303.130000000001,Оплата поставщику
1953,714727554,2024-09-27,321,226,0.0,4400.0,Оплата поставщику
1954,714803917,2024-09-27,561,233,0.0,77000000.0,Депозит
1955,714771544,2024-09-27,561,233,26728.493000000002,0.0,Прочее поступление
1956,714628200,2024-09-27,561,233,79640000.0,0.0,Депозит
1957,714027372,2024-09-27,333,249,0.0,1716.0000000000002,Оплата поставщику
1958,714956309,2024-09-19,68,273,0.0,4090.6084126170613,Оплата поставщику
1959,714225619,2024-09-19,69,273,0.0,4188.469857894982,Оплата поставщику
1960,714093676,2024-09-15,79,273,0.0,40610.53588922329,Оплата поставщику
1961,714481490,2024-09-19,68,273,0.0,124559.02616418953,Оплата поставщику
1962,714821113,2024-09-19,69,273,0.0,135706.4233957974,Оплата поставщику
1963,714621850,2024-09-19,65,273,0.0,232137.13434375433,Оплата поставщику
1964,714488453,2024-09-19,65,273,0.0,714065.6077593998,Оплата поставщику
1965,714255435,2024-09-16,9,2,51562500.0,0.0,Оплата от покупателя
1966,714843047,2024-09-16,204,58,0.0,149059.9260269761,Оплата поставщику
1967,714155766,2024-09-16,90,98,0.0,18542478.72074703,Оплата поставщику
1968,714384040,2024-09-28,256,130,0.0,540.0,Комиссия банка
1969,714301480,2024-09-16,399,142,0.0,10395.0,Оплата поставщику
1970,714870871,2024-09-28,501,233,0.0,27173.300000000003,Перечисление подотчетному лицу
1971,714240764,2024-09-28,561,233,0.0,64570000.00000001,Депозит
1972,714835317,2024-09-28,561,233,25842.465000000004,0.0,Прочее поступление
1973,714660997,2024-09-28,561,233,77000000.0,0.0,Депозит
1974,714253373,2024-09-16,340,265,0.0,648086.6348998962,Оплата поставщику
1975,714514028,2024-09-16,340,265,0.0,864115.5131998616,Оплата поставщику
1976,714292620,2024-09-17,9,2,55000000.0,0.0,Оплата от покупателя
1977,714735412,2024-09-19,452,64,0.0,55440.00000000001,Оплата поставщику
1978,714205792,2024-10-01,256,130,0.0,450.0,Комиссия банка
1979,714380617,2024-10-01,291,182,0.0,16500.0,Оплата поставщику
1980,714140083,2024-10-01,291,182,0.0,16500.0,Оплата поставщику
1981,714424209,2024-10-01,300,194,0.0,22000.0,Оплата поставщику
1982,714360037,2024-10-01,309,207,0.0,7478.680000000001,Оплата поставщику
1983,714140732,2024-10-01,561,233,0.0,63250000.00000001,Депозит
1984,714647547,2024-10-01,561,233,65012.25500000001,0.0,Прочее поступление
1985,714240273,2024-10-01,561,233,64570000.00000001,0.0,Депозит
1986,714443530,2024-09-19,591,252,0.0,89259.005,Уплата налога
1987,714628447,2024-09-19,340,265,0.0,1440192.5219997694,Оплата поставщику
1988,714835318,2024-10-02,178,26,0.0,1238.6000000000001,Оплата поставщику
1989,714873290,2024-10-02,256,130,0.0,360.0,Комиссия банка
1990,714793972,2024-10-02,551,175,0.0,3119.9190000000003,Уплата налога
1991,714473066,2024-09-20,91,185,0.0,21164029.20640802,Оплата поставщику
1992,714393509,2024-09-20,91,185,0.0,3614740.793591979,Оплата поставщику
1993,714333601,2024-10-02,608,233,0.0,2584.989,Перечисление подотчетному лицу
1994,714347514,2024-10-02,561,233,0.0,40700000.0,Депозит
1995,714326520,2024-10-02,561,233,21227.745000000003,0.0,Прочее поступление
1996,714364857,2024-10-02,561,233,63250000.00000001,0.0,Депозит
1997,714697190,2024-09-20,340,265,0.0,4320577.565999308,Оплата поставщику
1998,714848196,2024-09-21,203,58,0.0,99374.31734960766,Оплата поставщику
1999,714364316,2024-10-03,256,130,0.0,450.0,Комиссия банка
2000,714467063,2024-10-03,277,160,0.0,12120.0,Оплата поставщику
2001,714794710,2024-10-03,300,194,0.0,11000.0,Оплата поставщику
2002,714474809,2024-10-03,561,233,0.0,40700000.0,Депозит
2003,714840138,2024-10-03,561,233,13659.591,0.0,Прочее поступление
2004,714732796,2024-10-03,561,233,40700000.0,0.0,Депозит
2005,714875294,2024-09-25,347,278,0.0,9000.0,Оплата поставщику
2006,714914488,2024-09-25,347,278,0.0,40263.363,Оплата поставщику
2007,714265476,2024-09-22,90,98,0.0,927303.9601026014,Оплата поставщику
2008,714381708,2024-09-22,90,98,265923.4120995081,0.0,Оплата от покупателя
2009,714594140,2024-10-04,253,126,0.0,4968.0,Оплата поставщику
2010,714465541,2024-10-04,256,130,0.0,270.0,Комиссия банка
2011,714615202,2024-09-21,92,156,0.0,2222422.4880000004,Оплата поставщику
2012,714667771,2024-10-04,300,194,0.0,11000.0,Оплата поставщику
2013,714600070,2024-10-04,561,233,0.0,38170000.0,Депозит
2014,714327613,2024-10-04,561,233,13659.591,0.0,Прочее поступление
2015,714143735,2024-10-04,561,233,40700000.0,0.0,Депозит
2016,714914504,2024-09-22,592,252,0.0,60689.123999999996,Уплата налога
2017,714372133,2024-10-05,561,233,12810.479000000001,0.0,Прочее поступление
2018,714411120,2024-10-05,561,233,38170000.0,0.0,Депозит
2019,714912117,2024-10-09,236,107,0.0,1035.0,Оплата поставщику
2020,714077295,2024-10-09,256,130,0.0,360.0,Комиссия банка
2021,714135634,2024-10-09,561,233,0.0,32780000.000000004,Депозит
2022,714501546,2024-10-09,333,249,0.0,1716.0000000000002,Оплата поставщику
2023,714484506,2024-09-27,340,265,0.0,1194358.8594570188,Оплата поставщику
2024,714809628,2024-09-27,339,265,0.0,897839.7562162161,Оплата поставщику
2025,714541531,2024-09-27,339,265,0.0,4862990.235065388,Оплата поставщику
2026,714001100,2024-10-10,256,130,0.0,810.0,Комиссия банка
2027,714221104,2024-10-10,500,233,0.0,3789.5000000000005,Перечисление заработной платы работнику
2028,714073377,2024-10-10,500,233,0.0,36844.5,Перечисление заработной платы работнику
2029,714391123,2024-10-10,500,233,0.0,39457.95700000001,Перечисление заработной платы работнику
2030,714363359,2024-10-10,500,233,0.0,63130.100000000006,Перечисление заработной платы работнику
2031,714649097,2024-10-10,500,233,0.0,78952.5,Перечисление заработной платы работнику
2032,714741429,2024-10-10,500,233,0.0,92225.72700000001,Перечисление заработной платы работнику
2033,714521282,2024-10-10,500,233,0.0,94695.41400000002,Перечисление заработной платы работнику
2034,714199890,2024-10-10,500,233,0.0,114424.44200000001,Перечисление заработной платы работнику
2035,714667224,2024-10-10,501,233,0.0,191580.40000000002,Перечисление подотчетному лицу
2036,714541820,2024-10-10,561,233,0.0,32120000.000000004,Депозит
2037,714296222,2024-10-10,561,233,11001.507000000001,0.0,Прочее поступление
2038,714816947,2024-10-10,561,233,32780000.000000004,0.0,Депозит
2039,714926833,2024-09-29,216,71,0.0,682268.316,Оплата поставщику
2040,714031248,2024-10-11,256,130,0.0,360.0,Комиссия банка
2041,714798131,2024-10-03,486,155,7266789.495,0.0,Возврат налога
2042,714784067,2024-09-28,488,155,5448983.353000001,0.0,Возврат налога
2043,714840684,2024-10-11,291,182,0.0,16500.0,Оплата поставщику
2044,714123603,2024-10-11,310,208,0.0,165000.0,Оплата поставщику
2045,714717177,2024-10-11,313,212,0.0,143000.0,Оплата поставщику
2046,714983365,2024-10-11,561,233,0.0,36300000.0,Депозит
2047,714695951,2024-10-11,561,233,10780.0,0.0,Прочее поступление
2048,714934859,2024-10-11,561,233,32120000.000000004,0.0,Депозит
2049,714870264,2024-10-12,256,130,0.0,90.0,Комиссия банка
2050,714728224,2024-09-29,93,136,0.0,4460400.0,Оплата поставщику
2051,714776424,2024-10-12,561,233,0.0,36850000.0,Депозит
2052,714382136,2024-10-12,561,233,12182.874000000002,0.0,Прочее поступление
2053,714148618,2024-10-12,561,233,36300000.0,0.0,Депозит
2054,714411357,2024-10-10,219,74,0.0,58907.15600000001,Оплата поставщику
2055,714601644,2024-10-10,219,74,0.0,40645.836,Оплата поставщику
2056,714548255,2024-10-15,256,130,0.0,270.0,Комиссия банка
2057,714330910,2024-10-15,287,176,0.0,8027.921,Оплата поставщику
2058,714137856,2024-10-15,300,194,0.0,33000.0,Оплата поставщику
2059,714465470,2024-10-15,561,233,0.0,30250000.000000004,Депозит
2060,714279322,2024-10-15,561,233,37102.395,0.0,Прочее поступление
2061,714672181,2024-10-15,561,233,36850000.0,0.0,Депозит
2062,714878916,2024-10-15,563,246,0.0,220000.00000000003,Уплата налога
2063,714974724,2024-10-02,94,280,0.0,5603606.272,Оплата поставщику
2064,714684822,2024-10-03,448,64,0.0,3300.0000000000005,Оплата поставщику
2065,714988501,2024-10-03,448,64,0.0,15840.000000000002,Оплата поставщику
2066,714510461,2024-10-04,90,98,0.0,5940.794153249049,Оплата поставщику
2067,714503697,2024-10-16,256,130,0.0,450.0,Комиссия банка
2068,714969143,2024-10-16,561,233,0.0,29700000.000000004,Депозит
2069,714099673,2024-10-16,561,233,10152.395000000002,0.0,Прочее поступление
2070,714186463,2024-10-16,561,233,30250000.000000004,0.0,Депозит
2071,714028799,2024-10-16,333,249,0.0,1716.0000000000002,Оплата поставщику
2072,714757231,2024-10-04,340,265,0.0,196040.4462871306,Оплата поставщику
2073,714717152,2024-10-04,339,265,0.0,389617.8941778552,Оплата поставщику
2074,714457549,2024-10-17,256,130,0.0,90.0,Комиссия банка
2075,714208716,2024-10-17,561,233,0.0,29700000.000000004,Депозит
2076,714581010,2024-10-17,561,233,9967.804,0.0,Прочее поступление
2077,714388583,2024-10-17,561,233,29700000.000000004,0.0,Депозит
2078,714608441,2024-10-05,587,251,0.0,1800.0,Оплата поставщику
2079,714823702,2024-10-18,256,130,0.0,360.0,Комиссия банка
2080,714292734,2024-10-18,483,155,0.0,597096.0,Уплата налога
2081,714656662,2024-10-18,561,233,0.0,27940000.000000004,Депозит
2082,714368513,2024-10-18,561,233,9967.804,0.0,Прочее поступление
2083,714222123,2024-10-18,561,233,29700000.000000004,0.0,Депозит
2084,714761867,2024-10-18,563,246,0.0,110000.00000000001,Уплата налога
2085,714742950,2024-10-18,563,246,0.0,110000.00000000001,Уплата налога
2086,714218096,2024-10-06,86,273,0.0,6590.712397959182,Оплата поставщику
2087,714345650,2024-10-06,356,273,0.0,41203.9080544134,Оплата поставщику
2088,714397256,2024-10-06,86,273,0.0,177949.23474489793,Оплата поставщику
2089,714319866,2024-10-06,356,273,0.0,597456.6667889943,Оплата поставщику
2090,714546696,2024-10-06,104,38,0.0,945000.0000000001,Оплата поставщику
2091,714023462,2024-10-19,256,130,0.0,270.0,Комиссия банка
2092,714186366,2024-10-06,304,197,0.0,107473.9547241693,Оплата поставщику
2093,714847647,2024-10-19,307,201,0.0,11000.0,Оплата поставщику
2094,714829442,2024-10-19,561,233,0.0,26840000.000000004,Депозит
2095,714697740,2024-10-19,561,233,9377.126,0.0,Прочее поступление
2096,714384141,2024-10-19,561,233,27940000.000000004,0.0,Депозит
2097,714966315,2024-10-10,450,64,0.0,720.0,Оплата поставщику
2098,714548994,2024-10-22,256,130,0.0,540.0,Комиссия банка
2099,714841426,2024-10-22,291,182,0.0,16500.0,Оплата поставщику
2100,714308672,2024-10-22,317,220,0.0,1861.2,Оплата поставщику
2101,714345833,2024-10-22,606,233,0.0,539.0,Перечисление подотчетному лицу
2102,714943407,2024-10-22,606,233,0.0,652.3000000000001,Перечисление подотчетному лицу
2103,714727620,2024-10-22,606,233,0.0,1540.0000000000002,Перечисление подотчетному лицу
2104,714118391,2024-10-22,561,233,0.0,26840000.000000004,Депозит
2105,714479087,2024-10-22,561,233,27023.832000000002,0.0,Прочее поступление
2106,714087972,2024-10-22,561,233,26840000.000000004,0.0,Депозит
2107,714670405,2024-10-23,561,233,0.0,26840000.000000004,Депозит
2108,714823994,2024-10-23,561,233,9007.944000000001,0.0,Прочее поступление
2109,714351220,2024-10-23,561,233,26840000.000000004,0.0,Депозит
2110,714929137,2024-10-24,561,233,0.0,26400000.000000004,Депозит
2111,714973199,2024-10-24,561,233,9007.944000000001,0.0,Прочее поступление
2112,714370606,2024-10-24,561,233,26840000.000000004,0.0,Депозит
2113,714727316,2024-10-12,568,250,0.0,397449.70800000004,Уплата налога
2114,714889156,2024-10-13,10,2,82121508.0,0.0,Оплата от покупателя
2115,714848439,2024-10-25,256,130,0.0,360.0,Комиссия банка
2116,714082145,2024-10-25,606,233,0.0,564.3000000000001,Перечисление подотчетному лицу
2117,714740164,2024-10-25,501,233,0.0,9928.325,Перечисление подотчетному лицу
2118,714033940,2024-10-25,501,233,0.0,59672.349,Перечисление подотчетному лицу
2119,714785706,2024-10-25,561,233,0.0,26400000.000000004,Депозит
2120,714293762,2024-10-25,561,233,8860.269,0.0,Прочее поступление
2121,714372436,2024-10-25,561,233,26400000.000000004,0.0,Депозит
2122,714140584,2024-10-25,346,277,0.0,3800.0,Оплата поставщику
2123,714521856,2024-10-13,11,2,23721951.0,0.0,Оплата от покупателя
2124,714607396,2024-10-26,256,130,0.0,180.0,Комиссия банка
2125,714496336,2024-10-26,277,160,0.0,12000.0,Оплата поставщику
2126,714855740,2024-10-26,500,233,0.0,40194.0,Перечисление заработной платы работнику
2127,714023484,2024-10-26,500,233,0.0,124825.558,Перечисление заработной платы по ведомостям
2128,714260177,2024-10-26,500,233,0.0,425915.237,Перечисление заработной платы по ведомостям
2129,714798359,2024-10-26,561,233,0.0,24750000.000000004,Депозит
2130,714670249,2024-10-26,561,233,8860.269,0.0,Прочее поступление
2131,714367754,2024-10-26,561,233,26400000.000000004,0.0,Депозит
2132,714107593,2024-10-12,570,250,0.0,229024.00400000004,Уплата налога
2133,714054982,2024-10-13,569,250,0.0,718163.3800000001,Уплата налога
2134,714214236,2024-10-13,12,2,261481.00000000003,0.0,Оплата от покупателя
2135,714390300,2024-10-14,102,37,0.0,3737448.0,Оплата поставщику
2136,714180258,2024-10-13,110,41,0.0,6048956.356736244,Оплата поставщику
2137,714338473,2024-10-15,85,47,297942.47448979586,0.0,Возврат от поставщика
2138,714031072,2024-10-12,121,86,0.0,5205200.000000001,Оплата поставщику
2139,714592403,2024-10-15,415,110,0.0,703898.6399999999,Оплата поставщику
2140,714927450,2024-10-15,415,110,0.0,1173164.4,Оплата поставщику
2141,714622215,2024-10-15,415,110,0.0,1408320.0,Оплата поставщику
2142,714791401,2024-10-27,256,130,0.0,90.0,Комиссия банка
2143,714718546,2024-10-27,256,130,0.0,810.0,Комиссия банка
2144,714515570,2024-10-27,256,130,0.0,1350.0,Комиссия банка
2145,714341274,2024-10-27,256,130,0.0,1350.0,Комиссия банка
2146,714697099,2024-10-15,398,142,0.0,18900.0,Оплата поставщику
2147,714656506,2024-10-13,108,152,0.0,4065496.512,Оплата поставщику
2148,714501000,2024-10-27,313,212,0.0,143000.0,Оплата поставщику
2149,714664961,2024-10-27,561,233,0.0,50270000.00000001,Депозит
2150,714528360,2024-10-27,561,233,8306.507000000001,0.0,Прочее поступление
2151,714079074,2024-10-27,561,233,24750000.000000004,0.0,Депозит
2152,714213746,2024-10-31,167,9,0.0,16500.0,Оплата поставщику
2153,714089420,2024-10-18,95,100,0.0,26929432.0955055,Оплата поставщику
2154,714756943,2024-10-18,95,100,0.0,1947302.6044945,Оплата поставщику
2155,714932009,2024-10-31,256,130,0.0,990.0,Комиссия банка
2156,714362897,2024-10-19,398,142,0.0,11340.0,Оплата поставщику
2157,714493230,2024-10-31,483,155,0.0,96076.8,Уплата налога
2158,714546483,2024-10-31,291,182,0.0,55000.00000000001,Оплата поставщику
2159,714021891,2024-10-31,309,207,0.0,7478.680000000001,Оплата поставщику
2160,714527255,2024-10-31,317,220,0.0,1861.2,Оплата поставщику
2161,714005139,2024-10-31,321,226,0.0,4400.0,Оплата поставщику
2162,714612918,2024-10-31,561,233,0.0,24750000.000000004,Депозит
2163,714401317,2024-10-31,561,233,67485.748,0.0,Прочее поступление
2164,714310262,2024-10-31,561,233,50270000.00000001,0.0,Депозит
2165,714045983,2024-10-18,100,273,0.0,261360.0,Оплата поставщику
2166,714011748,2024-10-17,123,273,0.0,851088.1593927895,Оплата поставщику
2167,714711614,2024-10-18,101,275,0.0,129976.704,Оплата поставщику
2168,714741020,2024-10-20,450,64,0.0,69120.0,Оплата поставщику
2169,714904682,2024-11-01,220,75,0.0,26290.000000000004,Оплата поставщику
2170,714409099,2024-11-01,256,130,0.0,630.0,Комиссия банка
2171,714087440,2024-11-01,288,179,0.0,3960.0000000000005,Оплата поставщику
2172,714314945,2024-11-01,561,233,8306.507000000001,0.0,Прочее поступление
2173,714427586,2024-11-01,561,233,24750000.000000004,0.0,Депозит
2174,714207519,2024-10-19,588,251,0.0,1650.0000000000002,Оплата поставщику
2175,714872273,2024-10-19,97,273,0.0,918805.195,Оплата поставщику
2176,714463781,2024-10-19,97,273,0.0,393773.65499999997,Оплата поставщику
2177,714866131,2024-10-18,344,274,0.0,483916.5085388995,Оплата поставщику
2178,714005248,2024-10-19,12,2,38720000.00000001,0.0,Оплата от покупателя
2179,714966035,2024-10-21,406,109,0.0,9225.98,Оплата поставщику
2180,714871497,2024-10-19,401,109,0.0,62717.734460158885,Оплата поставщику
2181,714186472,2024-10-20,400,109,0.0,796056.3490000002,Оплата поставщику
2182,714825578,2024-11-02,256,130,0.0,720.0,Комиссия банка
2183,714794250,2024-10-20,107,136,0.0,636180.4800000001,Оплата поставщику
2184,714826007,2024-11-02,551,175,0.0,2561.504,Уплата налога
2185,714523011,2024-11-02,287,176,0.0,14638.294000000002,Оплата поставщику
2186,714583857,2024-11-02,300,194,0.0,44000.0,Оплата поставщику
2187,714241741,2024-10-20,103,225,0.0,1584000.0,Оплата поставщику
2188,714698255,2024-11-02,501,233,0.0,110000.00000000001,Перечисление подотчетному лицу
2189,714628999,2024-11-02,561,233,0.0,48400000.00000001,Депозит
2190,714978201,2024-10-20,355,273,0.0,69120.0,Оплата поставщику
2191,714452640,2024-10-20,97,273,0.0,1312578.8499999999,Оплата поставщику
2192,714977743,2024-10-22,112,41,0.0,2661481.5573770497,Оплата поставщику
2193,714295931,2024-10-31,482,128,0.0,82388.90000000001,Оплата поставщику
2194,714139665,2024-11-05,256,130,0.0,270.0,Комиссия банка
2195,714085415,2024-11-05,256,130,0.0,10331.919,Комиссия банка
2196,714830297,2024-11-05,256,130,0.0,51659.577,Комиссия банка
2197,714148607,2024-10-22,108,152,0.0,20327482.56,Оплата поставщику
2198,714787010,2024-11-05,299,193,0.0,7648.74,Оплата поставщику
2199,714092115,2024-11-05,561,233,0.0,34540000.0,Депозит
2200,714990003,2024-11-05,561,233,48731.507000000005,0.0,Прочее поступление
2201,714049330,2024-11-05,561,233,48400000.00000001,0.0,Депозит
2202,714850602,2024-10-24,106,38,0.0,133490.0736,Оплата поставщику
2203,714468310,2024-10-21,144,38,0.0,1452.0897600000003,Оплата поставщику
2204,714335030,2024-11-06,256,130,0.0,612.081,Комиссия банка
2205,714173326,2024-11-06,256,130,0.0,720.0,Комиссия банка
2206,714830909,2024-11-06,256,130,0.0,3060.423,Комиссия банка
2207,714130869,2024-10-23,111,174,0.0,5394480.41747152,Оплата поставщику
2208,714386103,2024-10-23,111,174,0.0,8130021.437171327,Оплата поставщику
2209,714489247,2024-10-23,111,174,0.0,4457099.536928886,Оплата поставщику
2210,714675657,2024-11-06,561,233,0.0,16500000.000000002,Депозит
2211,714393979,2024-11-06,561,233,11592.196000000002,0.0,Прочее поступление
2212,714306834,2024-11-06,561,233,34540000.0,0.0,Депозит
2213,714210399,2024-11-06,333,249,0.0,1716.0000000000002,Оплата поставщику
2214,714431577,2024-10-23,354,273,0.0,219775.12811921007,Оплата поставщику
2215,714839760,2024-10-23,123,273,0.0,604895.6356736243,Оплата поставщику
2216,714610749,2024-10-24,97,273,0.0,1968868.275,Оплата поставщику
2217,714358763,2024-10-23,344,274,0.0,494436.85343453515,Оплата поставщику
2218,714533586,2024-10-24,12,2,30752029.000000004,0.0,Оплата от покупателя
2219,714272227,2024-10-25,98,100,0.0,247951.3950804,Оплата поставщику
2220,714892345,2024-10-25,98,100,0.0,17948.2031949,Оплата поставщику
2221,714530223,2024-10-26,407,109,0.0,6989.57999999998,Оплата поставщику
2222,714447847,2024-10-24,401,109,0.0,49424.3627819214,Оплата поставщику
2223,714337128,2024-10-24,401,109,0.0,30520.19868132417,Оплата поставщику
2224,714183540,2024-10-24,240,109,0.0,784289.7150000001,Оплата поставщику
2225,714764217,2024-11-07,256,130,0.0,270.0,Комиссия банка
2226,714074527,2024-11-07,561,233,0.0,15400000.000000002,Депозит
2227,714934142,2024-11-07,561,233,0.0,44880000.0,Депозит
2228,714314192,2024-11-07,561,233,5537.675,0.0,Прочее поступление
2229,714923225,2024-11-07,561,233,16500000.000000002,0.0,Депозит
2230,714702690,2024-10-25,109,275,0.0,218493.97549716,Оплата поставщику
2231,714973116,2024-11-08,256,130,0.0,270.0,Комиссия банка
2232,714078006,2024-11-08,562,233,0.0,2200.0,Перевод на другой счет организации
2233,714514021,2024-11-08,562,233,0.0,22000000.0,Перевод на другой счет организации
2234,714834423,2024-11-08,561,233,0.0,38390000.0,Депозит
2235,714861768,2024-11-08,561,233,5168.493,0.0,Прочее поступление
2236,714875542,2024-11-08,561,233,15062.465,0.0,Прочее поступление
2237,714846410,2024-11-08,561,233,15400000.000000002,0.0,Депозит
2238,714209998,2024-11-08,561,233,44880000.0,0.0,Депозит
2239,714035746,2024-11-08,562,233,2200.0,0.0,Перевод с другого счета
2240,714558769,2024-11-08,562,233,22000000.0,0.0,Перевод с другого счета
2241,714410493,2024-11-08,561,233,0.0,22000000.0,Депозит
2242,714180170,2024-11-08,332,244,0.0,2189.0,Комиссия банка
2243,714048719,2024-10-25,589,251,0.0,1650.0000000000002,Оплата поставщику
2244,714060451,2024-10-26,446,64,0.0,71280.0,Оплата поставщику
2245,714596585,2024-10-28,451,64,0.0,119215.476,Оплата поставщику
2246,714562338,2024-11-09,256,130,0.0,540.0,Комиссия банка
2247,714699573,2024-11-09,256,130,0.0,5530.104,Комиссия банка
2248,714433891,2024-11-09,256,130,0.0,27650.529000000002,Комиссия банка
2249,714855112,2024-11-01,149,156,0.0,12804220.000000002,Оплата поставщику
2250,714080293,2024-11-09,500,233,0.0,36492.03800000001,Перечисление заработной платы работнику
2251,714819246,2024-11-09,500,233,0.0,113329.75500000002,Перечисление заработной платы по ведомостям
2252,714473199,2024-11-09,500,233,0.0,372444.61100000003,Перечисление заработной платы по ведомостям
2253,714790144,2024-11-09,561,233,0.0,23430000.000000004,Депозит
2254,714185392,2024-11-09,561,233,12884.311000000002,0.0,Прочее поступление
2255,714384116,2024-11-09,561,233,38390000.0,0.0,Депозит
2256,714364178,2024-11-09,561,233,8739.731000000002,0.0,Прочее поступление
2257,714606554,2024-11-09,561,233,22000000.0,0.0,Депозит
2258,714136761,2024-11-09,561,233,0.0,22000000.0,Депозит
2259,714574640,2024-10-27,97,273,0.0,5250315.399999999,Оплата поставщику
2260,714235033,2024-10-29,187,38,0.0,263993.27999999997,Оплата поставщику
2261,714927265,2024-11-12,223,78,0.0,21312.5,Оплата поставщику
2262,714093773,2024-11-12,234,102,0.0,2267.1000000000004,Оплата поставщику
2263,714278897,2024-11-12,256,130,0.0,450.0,Комиссия банка
2264,714929133,2024-11-12,256,130,0.0,3216.8880000000004,Комиссия банка
2265,714953644,2024-11-12,256,130,0.0,5221.9980000000005,Комиссия банка
2266,714168439,2024-11-12,256,130,0.0,16084.413,Комиссия банка
2267,714434749,2024-11-12,256,130,0.0,26110.007999999998,Комиссия банка
2268,714044109,2024-10-29,108,152,0.0,16250602.6577664,Оплата поставщику
2269,714886325,2024-10-29,111,174,0.0,248685.54724543705,Оплата поставщику
2270,714245444,2024-11-12,561,233,0.0,8800000.0,Депозит
2271,714992786,2024-11-12,561,233,23590.479000000003,0.0,Прочее поступление
2272,714724512,2024-11-12,561,233,23430000.000000004,0.0,Депозит
2273,714528432,2024-11-12,561,233,26219.182,0.0,Прочее поступление
2274,714762301,2024-11-12,561,233,22000000.0,0.0,Депозит
2275,714580170,2024-11-12,561,233,0.0,21780000.0,Депозит
2276,714217317,2024-11-12,332,244,0.0,3163.7870000000003,Комиссия банка
2277,714834779,2024-10-29,570,250,0.0,550000.0,Уплата налога
2278,714376167,2024-10-29,113,41,0.0,3431474.2781281117,Оплата поставщику
2279,714497676,2024-10-29,115,47,0.0,2793260.2599231144,Оплата поставщику
2280,714845970,2024-10-29,115,47,0.0,6785224.327381037,Оплата поставщику
2281,714054602,2024-11-13,561,233,0.0,8800000.0,Депозит
2282,714892517,2024-11-13,561,233,2953.4230000000002,0.0,Прочее поступление
2283,714844087,2024-11-13,561,233,8800000.0,0.0,Депозит
2284,714963309,2024-11-13,561,233,8771.675000000001,0.0,Прочее поступление
2285,714838649,2024-11-13,561,233,21780000.0,0.0,Депозит
2286,714724618,2024-11-13,561,233,0.0,11770000.000000002,Депозит
2287,714829147,2024-10-31,469,68,0.0,1087543.6,Оплата поставщику
2288,714634507,2024-11-14,287,176,0.0,14638.294000000002,Оплата поставщику
2289,714643121,2024-11-14,561,233,0.0,8800000.0,Депозит
2290,714358073,2024-11-14,561,233,2953.4230000000002,0.0,Прочее поступление
2291,714247089,2024-11-14,561,233,8800000.0,0.0,Депозит
2292,714650599,2024-11-14,561,233,4740.252,0.0,Прочее поступление
2293,714261942,2024-11-14,561,233,11770000.000000002,0.0,Депозит
2294,714112335,2024-11-14,561,233,0.0,6490000.000000001,Депозит
2295,714238988,2024-11-01,96,273,0.0,8337.5008552,Оплата поставщику
2296,714923116,2024-11-01,355,273,0.0,11387.52,Оплата поставщику
2297,714363318,2024-11-01,100,273,0.0,23928.960000000003,Оплата поставщику
2298,714825418,2024-11-01,97,273,0.0,49688.9849456,Оплата поставщику
2299,714496905,2024-11-01,97,273,0.0,49793.9912536,Оплата поставщику
2300,714608384,2024-11-01,97,273,0.0,96612.10373848,Оплата поставщику
2301,714533744,2024-11-01,97,273,0.0,100585.5424332,Оплата поставщику
2302,714285926,2024-11-01,97,273,0.0,105697.24950663999,Оплата поставщику
2303,714431020,2024-10-31,123,273,0.0,330.99889184060726,Оплата поставщику
2304,714957035,2024-10-31,354,273,0.0,60222.381016083906,Оплата поставщику
2305,714872268,2024-10-31,354,273,0.0,61980.58204103759,Оплата поставщику
2306,714951094,2024-11-01,355,273,0.0,90305.28,Оплата поставщику
2307,714554583,2024-11-01,97,273,0.0,109589.8333442,Оплата поставщику
2308,714846487,2024-11-01,97,273,0.0,53841.984426999996,Оплата поставщику
2309,714154196,2024-11-01,97,273,0.0,303938.65837983997,Оплата поставщику
2310,714128950,2024-11-01,97,273,0.0,305135.73029104,Оплата поставщику
2311,714862398,2024-11-01,100,273,0.0,334392.96,Оплата поставщику
2312,714493937,2024-11-01,96,273,0.0,341837.5350632,Оплата поставщику
2313,714841599,2024-11-01,97,273,0.0,330518.90512387996,Оплата поставщику
2314,714513559,2024-11-01,97,273,0.0,220024.9674678,Оплата поставщику
2315,714375792,2024-11-01,97,273,0.0,619505.7153076,Оплата поставщику
2316,714268036,2024-10-31,123,273,0.0,29.03499051233397,Оплата поставщику
2317,714289203,2024-10-31,354,273,0.0,623338.2061059646,Оплата поставщику
2318,714213061,2024-10-31,354,273,0.0,867728.1485745262,Оплата поставщику
2319,714873004,2024-10-31,353,275,0.0,156272.1038270194,Оплата поставщику
2320,714850539,2024-11-02,449,64,0.0,113838.395,Оплата поставщику
2321,714693530,2024-11-15,256,130,0.0,90.0,Комиссия банка
2322,714378669,2024-10-31,118,174,0.0,3157647.785848172,Оплата поставщику
2323,714931235,2024-10-31,118,174,0.0,7367844.833645734,Оплата поставщику
2324,714974433,2024-11-15,287,176,0.0,505.86800000000005,Оплата поставщику
2325,714222906,2024-11-15,317,220,0.0,1861.2,Оплата поставщику
2326,714884809,2024-11-15,561,233,0.0,6600000.000000001,Депозит
2327,714287403,2024-11-15,561,233,2953.4230000000002,0.0,Прочее поступление
2328,714872507,2024-11-15,561,233,8800000.0,0.0,Депозит
2329,714851661,2024-11-15,561,233,2578.224,0.0,Прочее поступление
2330,714820485,2024-11-15,561,233,6490000.000000001,0.0,Депозит
2331,714884293,2024-11-01,123,273,0.0,802926.8527969641,Оплата поставщику
2332,714741522,2024-11-01,126,41,0.0,935856.6213076668,Оплата поставщику
2333,714850156,2024-11-16,256,130,0.0,90.0,Комиссия банка
2334,714098551,2024-11-16,256,130,0.0,360.0,Комиссия банка
2335,714178450,2024-11-02,397,142,0.0,20790.0,Оплата поставщику
2336,714775995,2024-11-16,300,194,0.0,33000.0,Оплата поставщику
2337,714617245,2024-11-16,308,206,0.0,110.00000000000001,Оплата поставщику
2338,714408211,2024-11-16,501,233,0.0,10459.79,Перечисление подотчетному лицу
2339,714984649,2024-11-16,501,233,0.0,173684.83,Перечисление подотчетному лицу
2340,714558399,2024-11-16,561,233,0.0,5500000.0,Депозит
2341,714817554,2024-11-16,561,233,2215.07,0.0,Прочее поступление
2342,714829356,2024-11-16,562,233,198000.00000000003,0.0,Перевод с другого счета
2343,714197991,2024-11-16,561,233,6600000.000000001,0.0,Депозит
2344,714838196,2024-11-16,562,233,0.0,198000.00000000003,Перевод на другой счет организации
2345,714780147,2024-11-02,353,275,0.0,76817.40114479444,Оплата поставщику
2346,714267698,2024-11-04,100,273,0.0,2471.04,Оплата поставщику
2347,714825952,2024-11-04,13,2,62399949.798712134,0.0,Оплата от покупателя
2348,714082198,2024-11-06,102,37,121636.94400000025,0.0,Возврат от поставщика
2349,714561729,2024-11-05,447,64,0.0,166839.37600000002,Оплата поставщику
2350,714113628,2024-11-04,122,86,0.0,4702461.59562767,Оплата поставщику
2351,714243104,2024-11-19,256,130,0.0,144.0,Комиссия банка
2352,714843911,2024-11-19,256,130,0.0,450.0,Комиссия банка
2353,714904400,2024-11-19,256,130,0.0,720.0,Комиссия банка
2354,714740105,2024-11-19,256,130,0.0,13680.0,Комиссия банка
2355,714443565,2024-11-19,256,130,0.0,68400.0,Комиссия банка
2356,714682876,2024-11-06,396,142,0.0,20790.0,Оплата поставщику
2357,714120380,2024-11-19,483,155,0.0,504288.0,Уплата налога
2358,714253005,2024-11-19,561,233,0.0,45430000.0,Депозит
2359,714868601,2024-11-19,561,233,5537.675,0.0,Прочее поступление
2360,714610465,2024-11-19,561,233,5500000.0,0.0,Депозит
2361,714496877,2024-11-06,97,273,0.0,16738.0054952,Оплата поставщику
2362,714943099,2024-11-06,97,273,0.0,190813.26264528,Оплата поставщику
2363,714379132,2024-11-08,216,71,0.0,28497.431999999844,Оплата поставщику
2364,714731100,2024-11-05,217,71,0.0,1115390.28,Оплата поставщику
2365,714699829,2024-11-05,121,86,0.0,23660000.000000004,Оплата поставщику
2366,714164724,2024-11-20,256,130,0.0,720.0,Комиссия банка
2367,714692661,2024-11-20,291,182,0.0,33000.0,Оплата поставщику
2368,714465637,2024-11-20,317,220,0.0,910.8000000000001,Оплата поставщику
2369,714350905,2024-11-20,561,233,0.0,28050000.000000004,Депозит
2370,714109889,2024-11-20,561,233,15247.056,0.0,Прочее поступление
2371,714080296,2024-11-20,561,233,45430000.0,0.0,Депозит
2372,714284626,2024-11-20,333,249,0.0,1716.0000000000002,Оплата поставщику
2373,714558881,2024-11-06,124,273,0.0,37405.91352459017,Оплата поставщику
2374,714593104,2024-11-06,124,273,0.0,879038.9678278691,Оплата поставщику
2375,714211405,2024-11-05,116,275,0.0,69374.2133341948,Оплата поставщику
2376,714926840,2024-11-05,116,275,0.0,138217.6708124697,Оплата поставщику
2377,714201480,2024-11-07,110,41,53956.6907020873,0.0,Возврат от поставщика
2378,714701314,2024-11-07,112,41,63875.5573770492,0.0,Возврат от поставщика
2379,714997573,2024-11-06,113,41,39305.97809492201,0.0,Возврат от поставщика
2380,714466345,2024-11-06,126,41,-4055.3786923332227,0.0,Возврат от поставщика
2381,714255405,2024-11-21,561,233,0.0,28270000.000000004,Депозит
2382,714008564,2024-11-21,561,233,9414.042,0.0,Прочее поступление
2383,714220107,2024-11-21,561,233,28050000.000000004,0.0,Депозит
2384,714853205,2024-11-21,332,244,0.0,973.4780000000001,Комиссия банка
2385,714662399,2024-11-21,332,244,0.0,177658.91000000003,Комиссия банка
2386,714656811,2024-11-22,177,25,0.0,2176.9,Комиссия банка
2387,714144626,2024-11-22,177,25,0.0,2200.0,Комиссия банка
2388,714863826,2024-11-07,445,64,0.0,64800.0,Оплата поставщику
2389,714856650,2024-11-08,469,68,0.0,34650.0,Оплата поставщику
2390,714343941,2024-11-07,122,86,0.0,20943053.960890867,Оплата поставщику
2391,714793441,2024-11-06,128,92,0.0,1254000.0,Оплата поставщику
2392,714525270,2024-11-09,414,110,0.0,1089425.7000000002,Оплата поставщику
2393,714837033,2024-11-09,414,110,0.0,653457.42,Оплата поставщику
2394,714545332,2024-11-09,414,110,0.0,1089095.7000000002,Оплата поставщику
2395,714125508,2024-11-09,414,110,0.0,39600.0,Оплата поставщику
2396,714708525,2024-11-08,241,110,0.0,513073.44000000006,Оплата поставщику
2397,714078213,2024-11-08,241,110,0.0,256164.48,Оплата поставщику
2398,714644210,2024-11-22,256,130,0.0,1620.0,Комиссия банка
2399,714543683,2024-11-06,130,153,0.0,894927.2263035984,Оплата поставщику
2400,714570705,2024-11-06,130,153,0.0,3705017.7511519766,Оплата поставщику
2401,714253596,2024-11-14,149,156,0.0,1351892.8280000002,Оплата поставщику
2402,714018593,2024-11-22,300,194,0.0,11000.0,Оплата поставщику
2403,714237125,2024-11-22,562,233,0.0,4400.0,Перевод на другой счет организации
2404,714210763,2024-11-22,561,233,9487.874000000002,0.0,Прочее поступление
2405,714285958,2024-11-22,561,233,28270000.000000004,0.0,Депозит
2406,714990915,2024-11-22,562,233,4400.0,0.0,Перевод с другого счета
2407,714495347,2024-11-07,571,250,0.0,48806.4,Уплата налога
2408,714062737,2024-11-06,572,250,0.0,44739.200000000004,Уплата налога
2409,714242432,2024-11-08,123,273,0.0,47068.13920303606,Оплата поставщику
2410,714868948,2024-11-07,125,273,0.0,1624647.0945901093,Оплата поставщику
2411,714677696,2024-11-07,125,273,0.0,450858.2858811815,Оплата поставщику
2412,714761624,2024-11-07,125,273,0.0,33846.81447062728,Оплата поставщику
2413,714984917,2024-11-07,125,273,0.0,9392.880955857947,Оплата поставщику
2414,714568093,2024-11-22,346,277,0.0,3800.0,Оплата поставщику
2415,714816354,2024-11-08,13,2,24070936.634727705,0.0,Оплата от покупателя
2416,714245420,2024-11-23,256,130,0.0,90.0,Комиссия банка
2417,714568359,2024-11-23,500,233,0.0,40546.462,Перечисление заработной платы работнику
2418,714935671,2024-11-23,500,233,0.0,125920.24500000001,Перечисление заработной платы по ведомостям
2419,714444712,2024-11-23,500,233,0.0,413625.28900000005,Перечисление заработной платы по ведомостям
2420,714425242,2024-11-08,116,275,0.0,204805.41590308512,Оплата поставщику
2421,714959084,2024-11-13,11,2,52514748.0,0.0,Оплата от покупателя
2422,714453516,2024-11-11,13,2,60839951.05374433,0.0,Оплата от покупателя
2423,714417453,2024-11-13,105,38,0.0,17719.814475,Оплата поставщику
2424,714594152,2024-11-13,105,38,0.0,244795.955525,Оплата поставщику
2425,714962850,2024-11-26,234,102,0.0,4429.700000000001,Оплата поставщику
2426,714444044,2024-11-26,256,130,0.0,45.0,Комиссия банка
2427,714315311,2024-11-26,256,130,0.0,90.0,Комиссия банка
2428,714677707,2024-11-26,256,130,0.0,900.0,Комиссия банка
2429,714507044,2024-11-26,256,130,0.0,1350.0,Комиссия банка
2430,714678314,2024-11-26,256,130,0.0,1350.0,Комиссия банка
2431,714683446,2024-11-10,133,136,0.0,3187877.416449823,Оплата поставщику
2432,714769463,2024-11-10,133,136,0.0,900770.4412014236,Оплата поставщику
2433,714783429,2024-11-11,118,174,0.0,255979.9805060918,Оплата поставщику
2434,714637586,2024-11-26,313,212,0.0,143000.0,Оплата поставщику
2435,714606169,2024-11-26,606,233,0.0,275.0,Перечисление подотчетному лицу
2436,714294875,2024-11-26,501,233,0.0,8774.128,Перечисление подотчетному лицу
2437,714660106,2024-11-26,501,233,0.0,230680.01000000004,Перечисление подотчетному лицу
2438,714760939,2024-11-26,562,233,0.0,11000000.0,Перевод на другой счет организации
2439,714448151,2024-11-26,561,233,0.0,27500000.000000004,Депозит
2440,714587862,2024-11-26,562,233,11000000.0,0.0,Перевод с другого счета
2441,714713033,2024-11-26,561,233,0.0,11330000.0,Депозит
2442,714572511,2024-11-26,332,244,0.0,7544.416000000001,Комиссия банка
2443,714221181,2024-11-11,119,275,0.0,89059.70155107777,Оплата поставщику
2444,714781033,2024-11-11,119,275,0.0,89929.80894095593,Оплата поставщику
2445,714401527,2024-11-11,132,38,0.0,675397.75772242,Оплата поставщику
2446,714314157,2024-11-11,144,38,0.0,188.77166880000004,Оплата поставщику
2447,714400369,2024-11-11,132,38,0.0,187966.79743772247,Оплата поставщику
2448,714753269,2024-11-11,129,54,0.0,298036.00780267,Оплата поставщику
2449,714598522,2024-11-12,121,86,0.0,15616068.468,Оплата поставщику
2450,714412206,2024-11-11,136,92,0.0,1759255.5778687627,Оплата поставщику
2451,714765386,2024-11-11,136,92,0.0,4620406.366825039,Оплата поставщику
2452,714361666,2024-11-27,256,130,0.0,540.0,Комиссия банка
2453,714289543,2024-11-27,483,155,0.0,94813.2,Уплата налога
2454,714033706,2024-11-19,149,156,0.0,7915.336,Оплата поставщику
2455,714661821,2024-11-27,561,233,0.0,11000000.0,Депозит
2456,714609490,2024-11-27,561,233,9229.451000000001,0.0,Прочее поступление
2457,714069708,2024-11-27,561,233,27500000.000000004,0.0,Депозит
2458,714125394,2024-11-27,561,233,3901.8650000000002,0.0,Прочее поступление
2459,714177214,2024-11-27,561,233,11330000.0,0.0,Депозит
2460,714986705,2024-11-27,561,233,0.0,11330000.0,Депозит
2461,714129900,2024-11-12,116,275,0.0,70860.32973077049,Оплата поставщику
2462,714289501,2024-11-28,256,130,0.0,270.0,Комиссия банка
2463,714718265,2024-11-28,309,207,0.0,7478.680000000001,Оплата поставщику
2464,714928595,2024-11-28,561,233,0.0,9570000.0,Депозит
2465,714945479,2024-11-28,561,233,3691.7760000000003,0.0,Прочее поступление
2466,714885800,2024-11-28,561,233,11000000.0,0.0,Депозит
2467,714658579,2024-11-28,561,233,4500.9580000000005,0.0,Прочее поступление
2468,714304878,2024-11-28,561,233,11330000.0,0.0,Депозит
2469,714787127,2024-11-28,561,233,0.0,11330000.0,Депозит
2470,714364844,2024-11-12,127,273,0.0,706200.0,Оплата поставщику
2471,714978631,2024-11-12,135,273,0.0,960307.008517067,Оплата поставщику
2472,714989555,2024-11-14,445,64,0.0,64800.0,Оплата поставщику
2473,714268877,2024-11-14,122,86,0.0,8455333.088737873,Оплата поставщику
2474,714701467,2024-11-14,122,86,0.0,5573221.0130986,Оплата поставщику
2475,714213393,2024-11-29,234,102,0.0,13026.2,Оплата поставщику
2476,714110077,2024-11-13,130,153,1011670.6574555744,0.0,Возврат от поставщика
2477,714760672,2024-11-29,300,194,0.0,33000.0,Оплата поставщику
2478,714989262,2024-11-29,310,208,0.0,165000.0,Оплата поставщику
2479,714449957,2024-11-29,561,233,0.0,9570000.0,Депозит
2480,714099793,2024-11-29,561,233,3211.8460000000005,0.0,Прочее поступление
2481,714479211,2024-11-29,561,233,9570000.0,0.0,Депозит
2482,714737789,2024-11-29,561,233,4500.9580000000005,0.0,Прочее поступление
2483,714417923,2024-11-29,561,233,11330000.0,0.0,Депозит
2484,714798904,2024-11-14,120,273,0.0,908831.846724461,Оплата поставщику
2485,714320505,2024-11-14,120,273,0.0,64916.560480318636,Оплата поставщику
2486,714027727,2024-11-15,13,2,58649.71281580954,0.0,Оплата от покупателя
2487,714463965,2024-11-14,15,2,27905508.840000004,0.0,Оплата от покупателя
2488,714039221,2024-11-14,129,54,0.0,452850.19504270185,Оплата поставщику
2489,714756056,2024-11-30,234,102,979.0000000000001,0.0,Возврат от поставщика
2490,714072378,2024-11-15,361,110,0.0,18144.0,Оплата поставщику
2491,714856372,2024-11-30,256,130,0.0,360.0,Комиссия банка
2492,714015622,2024-11-14,137,174,0.0,4899742.8712448105,Оплата поставщику
2493,714275109,2024-11-30,561,233,0.0,30580000.000000004,Депозит
2494,714917249,2024-11-30,561,233,3211.8460000000005,0.0,Прочее поступление
2495,714441918,2024-11-30,561,233,9570000.0,0.0,Депозит
2496,714798459,2024-11-14,131,242,0.0,44665.92895411547,Оплата поставщику
2497,714924890,2024-11-14,131,242,0.0,504828.8714348865,Оплата поставщику
2498,714214066,2024-11-21,485,155,8742259.306,0.0,Возврат налога
2499,714732125,2024-11-19,487,155,4959701.7360000005,0.0,Возврат налога
2500,714233669,2024-12-03,561,233,0.0,30580000.000000004,Депозит
2501,714260583,2024-12-03,561,233,30789.451,0.0,Прочее поступление
2502,714096170,2024-12-03,561,233,30580000.000000004,0.0,Депозит
2503,714292672,2024-11-18,15,2,41545350.00000001,0.0,Оплата от покупателя
2504,714368192,2024-11-19,361,110,0.0,413925.11999999994,Оплата поставщику
2505,714039882,2024-12-04,256,130,0.0,180.0,Комиссия банка
2506,714059510,2024-12-04,256,130,0.0,7900.2,Комиссия банка
2507,714587851,2024-12-04,256,130,0.0,13338.0,Комиссия банка
2508,714023125,2024-12-04,256,130,0.0,39501.0,Комиссия банка
2509,714105024,2024-12-04,256,130,0.0,66690.0,Комиссия банка
2510,714102729,2024-12-04,561,233,0.0,3850000.0000000005,Депозит
2511,714943636,2024-12-04,561,233,10263.154,0.0,Прочее поступление
2512,714564602,2024-12-04,561,233,30580000.000000004,0.0,Депозит
2513,714757285,2024-11-18,141,256,0.0,53055060.26857654,Оплата поставщику
2514,714985977,2024-12-05,167,9,0.0,16500.0,Оплата поставщику
2515,714547202,2024-11-20,114,35,0.0,580127.2079340979,Оплата поставщику
2516,714231684,2024-11-19,136,92,552095.9446938016,0.0,Оплата поставщику
2517,714369069,2024-12-05,256,130,0.0,990.0,Комиссия банка
2518,714380090,2024-11-19,137,174,0.0,11432733.366237892,Оплата поставщику
2519,714154535,2024-11-19,137,174,283531.7874826997,0.0,Оплата поставщику
2520,714424695,2024-11-19,145,189,0.0,15125935.000000004,Оплата поставщику
2521,714523050,2024-12-05,560,230,0.0,275000.0,Оплата поставщику
2522,714816085,2024-12-05,500,233,0.0,22000.0,Перечисление заработной платы работнику
2523,714393618,2024-12-05,561,233,0.0,14300000.000000002,Депозит
2524,714252673,2024-12-05,561,233,1292.1260000000002,0.0,Прочее поступление
2525,714639086,2024-12-05,561,233,3850000.0000000005,0.0,Депозит
2526,714524022,2024-11-20,148,273,0.0,267165.0824435471,Оплата поставщику
2527,714979389,2024-11-20,148,273,0.0,572283.3551154903,Оплата поставщику
2528,714469759,2024-11-20,148,273,0.0,31090.68287255694,Оплата поставщику
2529,714070672,2024-11-19,135,273,0.0,1343086.7251986952,Оплата поставщику
2530,714694597,2024-11-20,116,275,0.0,213350.58518339525,Оплата поставщику
2531,714276793,2024-11-19,138,275,0.0,241962.61092566967,Оплата поставщику
2532,714875662,2024-11-20,144,38,0.0,1210074.8000000003,Оплата поставщику
2533,714955394,2024-11-21,121,86,0.0,7572293.092,Оплата поставщику
2534,714277721,2024-12-06,256,130,0.0,990.0,Комиссия банка
2535,714130995,2024-12-06,256,130,0.0,11742.57,Комиссия банка
2536,714607331,2024-12-06,256,130,0.0,58712.85,Комиссия банка
2537,714794242,2024-11-20,133,136,0.0,986.7023487544486,Оплата поставщику
2538,714173630,2024-12-06,300,194,0.0,11000.0,Оплата поставщику
2539,714584087,2024-11-20,139,197,0.0,241962.61092566967,Оплата поставщику
2540,714184902,2024-12-06,321,226,0.0,4400.0,Оплата поставщику
2541,714753989,2024-12-06,608,233,0.0,2681.0740000000005,Перечисление подотчетному лицу
2542,714054280,2024-12-06,561,233,0.0,4070000.0000000005,Депозит
2543,714551424,2024-12-06,561,233,4799.311000000001,0.0,Прочее поступление
2544,714098776,2024-12-06,561,233,14300000.000000002,0.0,Депозит
2545,714338105,2024-11-21,14,245,0.0,359186.39999999997,Оплата поставщику
2546,714184939,2024-11-21,14,245,0.0,3099910.32,Оплата поставщику
2547,714783956,2024-11-20,140,273,0.0,923844.3330349149,Оплата поставщику
2548,714044596,2024-11-21,238,109,0.0,660000.0,Оплата поставщику
2549,714555683,2024-12-07,256,130,0.0,450.0,Комиссия банка
2550,714035497,2024-12-07,287,176,0.0,11041.877,Оплата поставщику
2551,714807083,2024-12-07,324,231,0.0,5170.0,Оплата поставщику
2552,714466414,2024-12-07,561,233,0.0,1870000.0000000002,Депозит
2553,714872002,2024-12-07,561,233,1365.958,0.0,Прочее поступление
2554,714679203,2024-12-07,561,233,4070000.0000000005,0.0,Депозит
2555,714353128,2024-12-07,332,244,0.0,2189.0,Комиссия банка
2556,714551262,2024-12-07,563,246,0.0,825.0000000000001,Прочие расчеты с контрагентами
2557,714276153,2024-12-07,563,246,0.0,1650.0000000000002,Прочие расчеты с контрагентами
2558,714563548,2024-12-07,563,246,0.0,1650.0000000000002,Прочие расчеты с контрагентами
2559,714581420,2024-12-07,333,249,0.0,1716.0000000000002,Оплата поставщику
2560,714005922,2024-11-21,140,273,0.0,1847688.6660698298,Оплата поставщику
2561,714129988,2024-12-02,150,222,0.0,232464.0,Оплата поставщику
2562,714477183,2024-12-10,256,130,0.0,450.0,Комиссия банка
2563,714454485,2024-11-25,259,142,0.0,22680.0,Оплата поставщику
2564,714407625,2024-12-10,500,233,0.0,38518.700000000004,Перечисление заработной платы работнику
2565,714491777,2024-12-10,500,233,0.0,77000.0,Перечисление заработной платы по ведомостям
2566,714331129,2024-12-10,500,233,0.0,393135.60000000003,Перечисление заработной платы по ведомостям
2567,714677882,2024-12-10,561,233,1882.8040000000003,0.0,Прочее поступление
2568,714798616,2024-12-10,561,233,1870000.0000000002,0.0,Депозит
2569,714218710,2024-11-24,138,275,0.0,66636.50304892943,Оплата поставщику
2570,714656322,2024-11-24,138,275,0.0,67986.65441789466,Оплата поставщику
2571,714301383,2024-11-25,119,275,0.0,87375.62273195875,Оплата поставщику
2572,714986806,2024-11-25,15,2,6050000.000000001,0.0,Оплата от покупателя
2573,714258129,2024-12-03,62,28,28954.077093353786,0.0,Возврат от поставщика
2574,714916499,2024-11-26,122,86,0.0,922241.506639007,Оплата поставщику
2575,714300125,2024-11-26,122,86,0.0,5594539.935143674,Оплата поставщику
2576,714971564,2024-11-26,122,86,0.0,381784.6358623048,Оплата поставщику
2577,714497220,2024-12-11,256,130,0.0,180.0,Комиссия банка
2578,714450598,2024-12-11,291,182,0.0,16500.0,Оплата поставщику
2579,714884010,2024-12-11,500,233,0.0,22000.0,Перечисление заработной платы по ведомостям
2580,714588876,2024-11-27,115,47,0.0,1203405.972695849,Оплата поставщику
2581,714463420,2024-12-04,38,47,1514713.971010276,0.0,Оплата поставщику
2582,714364038,2024-12-12,256,130,0.0,90.0,Комиссия банка
2583,714261987,2024-12-12,562,233,0.0,22000.0,Перевод на другой счет организации
2584,714915581,2024-12-12,562,233,22000.0,0.0,Перевод с другого счета
2585,714512901,2024-12-12,563,246,0.0,825.0000000000001,Прочие расчеты с контрагентами
2586,714072453,2024-12-12,563,246,0.0,1650.0000000000002,Прочие расчеты с контрагентами
2587,714227274,2024-11-27,15,2,33689425.00000001,0.0,Оплата от покупателя
2588,714993690,2024-12-13,256,130,0.0,360.0,Комиссия банка
2589,714288234,2024-12-13,483,155,0.0,12000.0,Уплата налога
2590,714393938,2024-12-13,483,155,0.0,24000.0,Уплата налога
2591,714458621,2024-12-13,300,194,0.0,44000.0,Оплата поставщику
2592,714121901,2024-12-13,608,233,0.0,5130.400000000001,Перечисление подотчетному лицу
2593,714242819,2024-12-13,501,233,0.0,5720.000000000001,Перечисление подотчетному лицу
2594,714614441,2024-12-13,561,233,0.0,31020000.000000004,Депозит
2595,714789204,2024-11-29,445,64,0.0,22320.0,Оплата поставщику
2596,714859599,2024-11-29,208,64,0.0,495072.528,Оплата поставщику
2597,714746104,2024-11-29,208,64,0.0,38351.231999999996,Оплата поставщику
2598,714472488,2024-11-29,361,110,0.0,215511.84,Оплата поставщику
2599,714725791,2024-11-28,362,110,0.0,224274.6,Оплата поставщику
2600,714624807,2024-11-28,362,110,0.0,512784.36000000004,Оплата поставщику
2601,714895101,2024-12-14,256,130,0.0,1800.0,Комиссия банка
2602,714004001,2024-12-14,256,130,0.0,6274.908,Комиссия банка
2603,714307949,2024-12-14,256,130,0.0,31374.54,Комиссия банка
2604,714296741,2024-12-14,288,179,0.0,3300.0000000000005,Оплата поставщику
2605,714345566,2024-11-28,146,189,0.0,6050.374000000002,Оплата поставщику
2606,714054271,2024-11-28,139,197,0.0,393733.65862879594,Оплата поставщику
2607,714677771,2024-12-14,561,233,10410.818,0.0,Прочее поступление
2608,714412516,2024-12-14,561,233,31020000.000000004,0.0,Депозит
2609,714245732,2024-11-28,16,245,0.0,1641943.9300000002,Оплата поставщику
2610,714113737,2024-11-29,14,245,0.0,1462615.2,Оплата поставщику
2611,714588019,2024-11-28,142,256,0.0,6598.888093106535,Оплата поставщику
2612,714798208,2024-11-28,141,256,0.0,15837.331423455684,Оплата поставщику
2613,714500410,2024-11-28,135,273,0.0,236557.86490924616,Оплата поставщику
2614,714911864,2024-11-28,135,273,0.0,62066.723744882096,Оплата поставщику
2615,714619890,2024-11-28,140,273,0.0,1847688.6660698298,Оплата поставщику
2616,714896050,2024-11-28,138,275,0.0,136757.2676951885,Оплата поставщику
2617,714647981,2024-11-28,138,275,0.0,33925.57767788814,Оплата поставщику
2618,714307933,2024-11-28,138,275,0.0,276759.2540028902,Оплата поставщику
2619,714136482,2024-11-28,138,275,0.0,137715.43963445415,Оплата поставщику
2620,714124479,2024-12-01,144,38,0.0,1541802.2855224004,Оплата поставщику
2621,714917027,2024-12-01,238,109,0.0,660000.0,Оплата поставщику
2622,714913054,2024-12-17,277,160,0.0,12000.0,Оплата поставщику
2623,714747589,2024-12-17,324,231,0.0,6490.000000000001,Оплата поставщику
2624,714941051,2024-12-01,138,275,0.0,411643.73108951404,Оплата поставщику
2625,714232764,2024-12-01,143,275,0.0,455556.8599560001,Оплата поставщику
2626,714653201,2024-12-17,346,277,0.0,3800.0,Оплата поставщику
2627,714001009,2024-12-03,188,38,0.0,338010.14,Оплата поставщику
2628,714793773,2024-12-03,189,38,0.0,79844.98777684756,Оплата поставщику
2629,714389783,2024-12-03,189,38,0.0,218315.2922231524,Оплата поставщику
2630,714828854,2024-12-06,451,64,0.0,203856.86400000003,Оплата поставщику
2631,714350462,2024-12-05,449,64,0.0,194948.12700000004,Оплата поставщику
2632,714853650,2024-12-04,447,64,0.0,193985.94600000003,Оплата поставщику
2633,714431596,2024-12-11,444,64,0.0,45360.0,Оплата поставщику
2634,714084101,2024-12-11,152,104,0.0,5631444.0,Оплата поставщику
2635,714313629,2024-12-18,310,208,0.0,165000.0,Перечисление заработной платы работнику
2636,714481539,2024-12-11,150,222,0.0,1748352.0,Оплата поставщику
2637,714268402,2024-12-02,140,273,0.0,8500423.686016114,Оплата поставщику
2638,714842197,2024-12-12,152,104,0.0,402570.0,Оплата поставщику
2639,714023184,2024-12-19,483,155,0.0,601091.28,Уплата налога
2640,714885313,2024-12-19,500,233,0.0,3630.0000000000005,Перечисление заработной платы по ведомостям
2641,714598518,2024-12-13,151,5,0.0,82857.59999999999,Оплата поставщику
2642,714252210,2024-12-13,157,14,0.0,859921.92,Оплата поставщику
2643,714838535,2024-12-20,234,102,0.0,2326.5,Оплата поставщику
2644,714168257,2024-12-20,249,122,0.0,12825.0,Оплата поставщику
2645,714120143,2024-12-20,551,175,0.0,2534.62,Уплата налога
2646,714236529,2024-12-20,551,175,0.0,2635.7650000000003,Уплата налога
2647,714371453,2024-12-05,15,2,52705526.06000001,0.0,Оплата от покупателя
2648,714169303,2024-12-13,360,174,0.0,12130560.000000002,Оплата поставщику
2649,714776705,2024-12-13,360,174,0.0,4506840.000000001,Оплата поставщику
2650,714835025,2024-12-24,483,155,0.0,192972.0,Уплата налога
2651,714757559,2024-12-24,291,182,0.0,16500.0,Оплата поставщику
2652,714137504,2024-12-24,321,226,0.0,4400.0,Оплата поставщику
2653,714950834,2024-12-24,500,233,0.0,508653.20000000007,Перечисление заработной платы по ведомостям
2654,714670747,2024-12-24,501,233,0.0,28608.195000000003,Перечисление подотчетному лицу
2655,714160324,2024-12-24,501,233,0.0,96853.90000000001,Перечисление подотчетному лицу
2656,714641336,2024-12-24,608,233,0.0,1888.7,Перечисление подотчетному лицу
2657,714014176,2024-12-18,151,5,0.0,1327861.0799999998,Оплата поставщику
2658,714073019,2024-12-18,151,5,0.0,41914.32,Оплата поставщику
2659,714842087,2024-12-09,238,109,0.0,309848.44000000006,Оплата поставщику
2660,714121565,2024-12-09,238,109,0.0,68836.042,Оплата поставщику
2661,714508680,2024-12-09,363,109,0.0,7046.5296,Оплата поставщику
2662,714291681,2024-12-09,365,109,0.0,25094.19208101067,Оплата поставщику
2663,714551332,2024-12-13,408,109,0.0,10676.55,Оплата поставщику
2664,714756315,2024-12-09,363,109,0.0,6600.0,Оплата поставщику
2665,714813123,2024-12-09,365,109,0.0,23504.017690977165,Оплата поставщику
2666,714299375,2024-12-12,409,109,0.0,13200.0,Оплата поставщику
2667,714956001,2024-12-09,364,109,0.0,7753.735754858104,Оплата поставщику
2668,714349747,2024-12-12,410,109,0.0,21206.320246733376,Оплата поставщику
2669,714063962,2024-12-09,364,109,0.0,3509.265316948104,Оплата поставщику
2670,714564363,2024-12-09,366,109,0.0,55211.63346754662,Оплата поставщику
2671,714204181,2024-12-09,366,109,0.0,18873.083652202233,Оплата поставщику
2672,714379875,2024-12-09,367,109,0.0,195849.36315297047,Оплата поставщику
2673,714723285,2024-12-09,368,109,0.0,53586.964543948015,Оплата поставщику
2674,714050872,2024-12-09,367,109,0.0,106141.7952,Оплата поставщику
2675,714978555,2024-12-09,368,109,0.0,29041.795200000008,Оплата поставщику
2676,714953009,2024-12-10,239,109,0.0,10413.283071508902,Оплата поставщику
2677,714364690,2024-12-09,260,142,0.0,20790.0,Оплата поставщику
2678,714492796,2024-12-17,303,197,0.0,881852.4000000001,Оплата поставщику
2679,714991680,2024-12-25,310,208,0.0,22000.0,Перечисление заработной платы работнику
2680,714083895,2024-12-09,140,273,0.0,13197.77618621307,Оплата поставщику
2681,714438370,2024-12-10,117,273,0.0,246154.61430334358,Оплата поставщику
2682,714540820,2024-12-10,117,273,0.0,9116.837566790502,Оплата поставщику
2683,714736432,2024-12-09,134,273,0.0,643351.9722374269,Оплата поставщику
2684,714050379,2024-12-09,134,273,0.0,12254.323280712893,Оплата поставщику
2685,714898323,2024-12-23,209,64,0.0,649166.078,Оплата поставщику
2686,714442669,2025-01-01,444,64,0.0,3240.0,Оплата поставщику
2687,714390396,2025-01-08,474,103,0.0,132000.0,Оплата поставщику
2688,714222241,2025-01-08,300,194,0.0,22000.0,Оплата поставщику
2689,714022096,2024-12-31,429,197,0.0,132116.40000000002,Оплата поставщику
2690,714291950,2025-01-08,309,207,0.0,7477.8,Оплата поставщику
2691,714111043,2025-01-08,313,212,0.0,150150.0,Оплата поставщику
2692,714483470,2024-12-31,359,275,0.0,711266.4000000001,Оплата поставщику
2693,714914162,,501,233,,,Перечисление подотчетному лицу
2694,714699041,2025-01-09,501,233,0.0,15263.820000000002,Перечисление подотчетному лицу
2695,714958762,2025-01-09,333,249,0.0,1716.0000000000002,Оплата поставщику
2696,714011131,2025-01-10,167,9,0.0,16500.0,Оплата поставщику
2697,714814642,2025-01-10,291,182,0.0,33000.0,Оплата поставщику
2698,714567716,2025-01-10,556,198,0.0,396.00000000000006,Оплата поставщику
2699,714735533,2025-01-10,500,233,0.0,271445.30600000004,Перечисление заработной платы по ведомостям
2700,714616155,2025-01-10,608,233,0.0,4129.400000000001,Перечисление подотчетному лицу
2701,714501410,2025-01-07,160,86,0.0,24538800.0,Оплата поставщику
2702,714107270,2025-01-08,159,86,0.0,11325600.0,Оплата поставщику
2703,714589282,2025-01-08,158,86,0.0,22651200.0,Оплата поставщику
2704,714421650,2025-01-17,232,99,0.0,7370.000000000001,Оплата поставщику
2705,714221176,2025-01-17,287,176,0.0,12644.643,Оплата поставщику
2706,714776063,2025-01-17,300,194,0.0,33000.0,Оплата поставщику
2707,714474933,2025-01-17,307,201,0.0,3300.0000000000005,Оплата поставщику
2708,714696861,2025-01-17,501,233,0.0,9773.5,Перечисление подотчетному лицу
2709,714738166,2025-01-19,160,86,0.0,26908757.303999998,Оплата поставщику
2710,714811280,2025-01-20,360,174,0.0,320954.4000000001,Оплата поставщику
2711,714776356,2025-01-15,147,228,0.0,442257.48,Оплата поставщику
2712,714748326,2025-01-15,140,273,0.0,123491.5917743957,Оплата поставщику
2713,714454634,2025-01-29,391,2,61441470.00000001,0.0,Оплата от покупателя
2714,714856627,2025-01-29,242,111,0.0,3796922.585794095,Оплата поставщику
2715,714952250,2025-01-29,584,250,0.0,36604.8,Прочее списание
2716,714776283,2025-01-31,596,273,0.0,1265640.861931365,Оплата поставщику
2717,714629618,2025-01-31,597,275,0.0,1866021.3989470035,Оплата поставщику
2718,714906227,2025-02-01,254,127,0.0,14928171.191576028,Оплата поставщику
2719,714848598,2025-02-02,153,47,0.0,6261339.7,Оплата поставщику
2720,714275262,2025-02-02,598,273,0.0,1055476.9090077733,Оплата поставщику
2721,714398471,2025-02-04,597,275,0.0,1866021.3989470035,Оплата поставщику
2722,714430914,2025-02-06,254,127,0.0,187497.8301661949,Возврат от поставщика
2723,714983648,2025-02-08,153,47,0.0,6261339.7,Оплата поставщику
2724,714761546,2025-02-08,159,86,0.0,2544862.3200000003,Оплата поставщику
2725,714381167,2025-02-08,158,86,0.0,279968.832000002,Оплата поставщику
2726,714664159,2025-02-08,598,273,0.0,1055476.9090077733,Оплата поставщику
2727,714834083,2025-02-10,597,275,0.0,1087447.4821059932,Оплата поставщику
2728,714166349,2025-02-15,242,111,0.0,8859486.033519555,Оплата поставщику
2729,714091608,2025-02-16,596,273,0.0,1361580.6580686355,Оплата поставщику
2730,714241294,2025-02-28,598,273,0.0,151207.62198445358,Оплата поставщику
2731,714856173,2025-03-03,242,111,0.0,817484.6046863537,Оплата поставщику
2732,714195113,2025-03-07,595,171,0.0,520300.00000000006,Оплата поставщику
2733,714864600,2025-03-07,600,197,0.0,63607.72240981192,Оплата поставщику
2734,714199532,2025-03-07,599,280,0.0,2894378.322,Оплата поставщику
2735,714818442,2025-03-12,392,2,64350000.00000001,0.0,Оплата от покупателя
2736,714561338,2025-03-18,599,280,0.0,2894378.322,Оплата поставщику
2737,714131065,2025-03-19,585,250,0.0,907020.378,Прочее списание
2738,714039210,2025-03-29,391,2,40339089.72000002,0.0,Оплата от покупателя
2739,714933195,2025-03-21,484,155,8391593.585454555,0.0,Возврат налога
2740,714588525,2025-04-01,290,181,0.0,10087202.4,Оплата поставщику
2741,714681184,2025-04-01,600,197,0.0,46027.8200901881,Оплата поставщику
2742,714762493,2025-04-02,172,15,0.0,1320000.0,Оплата поставщику
2743,714482963,2025-04-17,392,2,37734222.24,0.0,Оплата от покупателя
